-- MySQL dump 10.13  Distrib 8.0.25, for macos11.3 (x86_64)
--
-- Host: localhost    Database: sh
-- ------------------------------------------------------
-- Server version	8.0.25

/*!40101 SET @OLD_CHARACTER_SET_CLIENT=@@CHARACTER_SET_CLIENT */;
/*!40101 SET @OLD_CHARACTER_SET_RESULTS=@@CHARACTER_SET_RESULTS */;
/*!40101 SET @OLD_COLLATION_CONNECTION=@@COLLATION_CONNECTION */;
/*!50503 SET NAMES utf8mb4 */;
/*!40103 SET @OLD_TIME_ZONE=@@TIME_ZONE */;
/*!40103 SET TIME_ZONE='+00:00' */;
/*!40014 SET @OLD_UNIQUE_CHECKS=@@UNIQUE_CHECKS, UNIQUE_CHECKS=0 */;
/*!40014 SET @OLD_FOREIGN_KEY_CHECKS=@@FOREIGN_KEY_CHECKS, FOREIGN_KEY_CHECKS=0 */;
/*!40101 SET @OLD_SQL_MODE=@@SQL_MODE, SQL_MODE='NO_AUTO_VALUE_ON_ZERO' */;
/*!40111 SET @OLD_SQL_NOTES=@@SQL_NOTES, SQL_NOTES=0 */;

--
-- Table structure for table `addresses`
--

DROP TABLE IF EXISTS `addresses`;
/*!40101 SET @saved_cs_client     = @@character_set_client */;
/*!50503 SET character_set_client = utf8mb4 */;
CREATE TABLE `addresses` (
  `id` bigint unsigned NOT NULL AUTO_INCREMENT,
  `user_id` int NOT NULL,
  `body` varchar(500) DEFAULT NULL,
  `created_at` timestamp NULL DEFAULT NULL,
  `updated_at` timestamp NULL DEFAULT NULL,
  PRIMARY KEY (`id`)
) ENGINE=InnoDB AUTO_INCREMENT=31 DEFAULT CHARSET=utf8mb3;
/*!40101 SET character_set_client = @saved_cs_client */;

--
-- Dumping data for table `addresses`
--

LOCK TABLES `addresses` WRITE;
/*!40000 ALTER TABLE `addresses` DISABLE KEYS */;
INSERT INTO `addresses` VALUES (1,6,'2689 Brakus Trail\nBrakusstad, NC 54233-4069','2021-09-12 06:08:19','2021-09-12 06:08:19'),(2,7,'72431 Prosacco Inlet\nKlington, MI 55656-7797','2021-09-12 06:08:19','2021-09-12 06:08:19'),(3,8,'48842 Kathleen Groves\nSouth Raquel, WI 42343-6734','2021-09-12 06:08:19','2021-09-12 06:08:19'),(4,9,'20297 Keanu Turnpike\nDietrichshire, AR 24263','2021-09-12 06:08:19','2021-09-12 06:08:19'),(5,10,'7708 Purdy River Suite 726\nEast Hilario, ND 42677-7943','2021-09-12 06:08:19','2021-09-12 06:08:19'),(6,16,'140 Keshawn Path\nMiaburgh, HI 53239-2063','2021-09-12 06:08:27','2021-09-12 06:08:27'),(7,17,'36323 Kassulke Locks\nCorwinville, MN 37897','2021-09-12 06:08:27','2021-09-12 06:08:27'),(8,18,'49516 Gibson Pines\nCasperview, CA 13635-5400','2021-09-12 06:08:27','2021-09-12 06:08:27'),(9,19,'826 Rosella Haven\nSouth Filomena, KY 43954','2021-09-12 06:08:27','2021-09-12 06:08:27'),(10,20,'35785 May Gardens Suite 574\nPort Lamont, SD 57415-3531','2021-09-12 06:08:27','2021-09-12 06:08:27'),(11,26,'196 Mustafa Rest Suite 693\nBeiermouth, NV 77497','2021-09-12 06:08:39','2021-09-12 06:08:39'),(12,27,'640 Rosamond Port Apt. 659\nMcCulloughfort, MN 37356-7211','2021-09-12 06:08:39','2021-09-12 06:08:39'),(13,28,'34806 Nicolas Prairie\nSouth Britneybury, DE 72993-8125','2021-09-12 06:08:39','2021-09-12 06:08:39'),(14,29,'15216 Okuneva Pass\nLynchland, PA 82951','2021-09-12 06:08:39','2021-09-12 06:08:39'),(15,30,'46537 Beatty Extension\nAbbottton, VT 61144-3273','2021-09-12 06:08:39','2021-09-12 06:08:39'),(16,36,'2459 Buster Crescent Apt. 421\nBrekkemouth, KS 95550-9813','2021-09-12 06:08:44','2021-09-12 06:08:44'),(17,37,'337 Lind Lake\nBernhardstad, GA 91719-6328','2021-09-12 06:08:44','2021-09-12 06:08:44'),(18,38,'27769 O\'Hara Prairie Suite 544\nBoganburgh, VT 68022-4328','2021-09-12 06:08:44','2021-09-12 06:08:44'),(19,39,'46507 Ward Roads\nNorth Graciemouth, NC 60863','2021-09-12 06:08:44','2021-09-12 06:08:44'),(20,40,'7857 Avis Light Apt. 447\nNorth Jacklyn, GA 14289','2021-09-12 06:08:44','2021-09-12 06:08:44'),(21,46,'30559 Howell Drive Apt. 070\nWest Kallie, FL 26633','2021-09-12 06:08:54','2021-09-12 06:08:54'),(22,47,'2400 Block Summit Suite 895\nKoelpinmouth, KY 39317','2021-09-12 06:08:54','2021-09-12 06:08:54'),(23,48,'738 Fay Plains\nLake Jewel, OR 83860-3027','2021-09-12 06:08:54','2021-09-12 06:08:54'),(24,49,'87246 Kertzmann Alley Apt. 216\nLake Larissa, IN 01522','2021-09-12 06:08:54','2021-09-12 06:08:54'),(25,50,'10890 Price Locks\nBeckermouth, MA 75969-9521','2021-09-12 06:08:54','2021-09-12 06:08:54'),(26,56,'8198 Jakubowski Route\nKrismouth, MS 88111','2021-09-12 06:09:04','2021-09-12 06:09:04'),(27,57,'3196 Cormier Locks Apt. 025\nKatlynnstad, DC 94445-4642','2021-09-12 06:09:04','2021-09-12 06:09:04'),(28,58,'8317 Runolfsdottir Groves Apt. 125\nChristiansenberg, NV 92583','2021-09-12 06:09:04','2021-09-12 06:09:04'),(29,59,'58020 Emmie Fall Apt. 574\nWest Roymouth, ND 38916','2021-09-12 06:09:04','2021-09-12 06:09:04'),(30,60,'414 Leanna Village\nEast Lenniefurt, WV 66828-5825','2021-09-12 06:09:04','2021-09-12 06:09:04');
/*!40000 ALTER TABLE `addresses` ENABLE KEYS */;
UNLOCK TABLES;

--
-- Table structure for table `categories`
--

DROP TABLE IF EXISTS `categories`;
/*!40101 SET @saved_cs_client     = @@character_set_client */;
/*!50503 SET character_set_client = utf8mb4 */;
CREATE TABLE `categories` (
  `id` bigint unsigned NOT NULL AUTO_INCREMENT,
  `title` varchar(255) DEFAULT NULL,
  `parent_id` int NOT NULL DEFAULT '0',
  `created_at` timestamp NULL DEFAULT NULL,
  `updated_at` timestamp NULL DEFAULT NULL,
  PRIMARY KEY (`id`)
) ENGINE=InnoDB AUTO_INCREMENT=61 DEFAULT CHARSET=utf8mb3;
/*!40101 SET character_set_client = @saved_cs_client */;

--
-- Dumping data for table `categories`
--

LOCK TABLES `categories` WRITE;
/*!40000 ALTER TABLE `categories` DISABLE KEYS */;
INSERT INTO `categories` VALUES (1,'Stewart Lind',0,'2021-09-12 06:08:19','2021-09-12 06:08:19'),(2,'Dr. Haylee Howe',0,'2021-09-12 06:08:19','2021-09-12 06:08:19'),(3,'Ruthie Glover Sr.',0,'2021-09-12 06:08:19','2021-09-12 06:08:19'),(4,'Bert McCullough',0,'2021-09-12 06:08:19','2021-09-12 06:08:19'),(5,'Miss Lavinia Padberg V',0,'2021-09-12 06:08:19','2021-09-12 06:08:19'),(6,'Mrs. Zora Treutel',3,'2021-09-12 06:08:19','2021-09-12 06:08:19'),(7,'Claudine Braun',5,'2021-09-12 06:08:19','2021-09-12 06:08:19'),(8,'Mr. Alvis Klocko DVM',5,'2021-09-12 06:08:19','2021-09-12 06:08:19'),(9,'Ivory Bauch',4,'2021-09-12 06:08:19','2021-09-12 06:08:19'),(10,'Faye Gislason PhD',1,'2021-09-12 06:08:19','2021-09-12 06:08:19'),(11,'Cyril Grimes',1,'2021-09-12 06:08:27','2021-09-12 06:08:27'),(12,'Brisa Nikolaus',7,'2021-09-12 06:08:27','2021-09-12 06:08:27'),(13,'Aisha Dicki',3,'2021-09-12 06:08:27','2021-09-12 06:08:27'),(14,'Nicole Schneider',7,'2021-09-12 06:08:27','2021-09-12 06:08:27'),(15,'Laury Wuckert',6,'2021-09-12 06:08:27','2021-09-12 06:08:27'),(16,'Tatyana Casper MD',1,'2021-09-12 06:08:27','2021-09-12 06:08:27'),(17,'Antwan Casper Jr.',4,'2021-09-12 06:08:27','2021-09-12 06:08:27'),(18,'Tiara Kozey',3,'2021-09-12 06:08:27','2021-09-12 06:08:27'),(19,'Dasia Altenwerth',1,'2021-09-12 06:08:27','2021-09-12 06:08:27'),(20,'Mr. Grady Jenkins V',5,'2021-09-12 06:08:27','2021-09-12 06:08:27'),(21,'Mrs. Shaina Marvin',2,'2021-09-12 06:08:39','2021-09-12 06:08:39'),(22,'Prof. Charlie Keeling I',3,'2021-09-12 06:08:39','2021-09-12 06:08:39'),(23,'Eldridge Cremin',1,'2021-09-12 06:08:39','2021-09-12 06:08:39'),(24,'Sammy Bechtelar',9,'2021-09-12 06:08:39','2021-09-12 06:08:39'),(25,'Vergie Fisher V',4,'2021-09-12 06:08:39','2021-09-12 06:08:39'),(26,'Eunice Johnston III',2,'2021-09-12 06:08:39','2021-09-12 06:08:39'),(27,'Mortimer Shields',3,'2021-09-12 06:08:39','2021-09-12 06:08:39'),(28,'Viva Veum',2,'2021-09-12 06:08:39','2021-09-12 06:08:39'),(29,'Dr. Savanah Bednar V',5,'2021-09-12 06:08:39','2021-09-12 06:08:39'),(30,'Terrence Sawayn',3,'2021-09-12 06:08:39','2021-09-12 06:08:39'),(31,'Dr. Kip Kuhic',23,'2021-09-12 06:08:44','2021-09-12 06:08:44'),(32,'Simone Douglas',22,'2021-09-12 06:08:44','2021-09-12 06:08:44'),(33,'Ben Davis',9,'2021-09-12 06:08:44','2021-09-12 06:08:44'),(34,'Miss Carole Shanahan III',0,'2021-09-12 06:08:44','2021-09-12 06:08:44'),(35,'Jacky Anderson',1,'2021-09-12 06:08:44','2021-09-12 06:08:44'),(36,'Janelle Harvey',2,'2021-09-12 06:08:44','2021-09-12 06:08:44'),(37,'Doris Thiel',5,'2021-09-12 06:08:44','2021-09-12 06:08:44'),(38,'Ms. Lucie Gusikowski Jr.',2,'2021-09-12 06:08:44','2021-09-12 06:08:44'),(39,'Uriah Cole',3,'2021-09-12 06:08:44','2021-09-12 06:08:44'),(40,'Miss Adelle Waters PhD',1,'2021-09-12 06:08:44','2021-09-12 06:08:44'),(41,'Romaine Schmidt',9,'2021-09-12 06:08:54','2021-09-12 06:08:54'),(42,'Kenna DuBuque',31,'2021-09-12 06:08:54','2021-09-12 06:08:54'),(43,'Graham Armstrong',30,'2021-09-12 06:08:54','2021-09-12 06:08:54'),(44,'Kayleigh Jast III',16,'2021-09-12 06:08:54','2021-09-12 06:08:54'),(45,'Vicky Rath',10,'2021-09-12 06:08:54','2021-09-12 06:08:54'),(46,'Mrs. Aylin Simonis Jr.',1,'2021-09-12 06:08:54','2021-09-12 06:08:54'),(47,'Tina Batz',2,'2021-09-12 06:08:55','2021-09-12 06:08:55'),(48,'Betty Roob',4,'2021-09-12 06:08:55','2021-09-12 06:08:55'),(49,'Lavina Flatley',5,'2021-09-12 06:08:55','2021-09-12 06:08:55'),(50,'Nick Ferry',4,'2021-09-12 06:08:55','2021-09-12 06:08:55'),(51,'Dr. Rebecca Bernhard',36,'2021-09-12 06:09:04','2021-09-12 06:09:04'),(52,'Mr. Jamal Mante II',24,'2021-09-12 06:09:04','2021-09-12 06:09:04'),(53,'Leonard Carter',38,'2021-09-12 06:09:04','2021-09-12 06:09:04'),(54,'Magnus Grady',23,'2021-09-12 06:09:04','2021-09-12 06:09:04'),(55,'Robbie Grimes DVM',31,'2021-09-12 06:09:04','2021-09-12 06:09:04'),(56,'Piper Lind',4,'2021-09-12 06:09:04','2021-09-12 06:09:04'),(57,'Adele Rutherford',2,'2021-09-12 06:09:04','2021-09-12 06:09:04'),(58,'Herman Bogisich',5,'2021-09-12 06:09:04','2021-09-12 06:09:04'),(59,'Kyle Jakubowski',5,'2021-09-12 06:09:04','2021-09-12 06:09:04'),(60,'Prof. Lelia Carroll II',5,'2021-09-12 06:09:04','2021-09-12 06:09:04');
/*!40000 ALTER TABLE `categories` ENABLE KEYS */;
UNLOCK TABLES;

--
-- Table structure for table `order_details`
--

DROP TABLE IF EXISTS `order_details`;
/*!40101 SET @saved_cs_client     = @@character_set_client */;
/*!50503 SET character_set_client = utf8mb4 */;
CREATE TABLE `order_details` (
  `id` bigint unsigned NOT NULL AUTO_INCREMENT,
  `order_id` int NOT NULL,
  `product_id` int NOT NULL,
  `price` double(10,2) NOT NULL,
  `quantity` int NOT NULL DEFAULT '1',
  `discount` int NOT NULL DEFAULT '0',
  `created_at` timestamp NULL DEFAULT NULL,
  `updated_at` timestamp NULL DEFAULT NULL,
  PRIMARY KEY (`id`)
) ENGINE=InnoDB AUTO_INCREMENT=561 DEFAULT CHARSET=utf8mb3;
/*!40101 SET character_set_client = @saved_cs_client */;

--
-- Dumping data for table `order_details`
--

LOCK TABLES `order_details` WRITE;
/*!40000 ALTER TABLE `order_details` DISABLE KEYS */;
INSERT INTO `order_details` VALUES (1,1,4,4660754.00,5,6,'2021-09-12 06:08:20','2021-09-12 06:08:20'),(2,1,1,8813006.00,5,20,'2021-09-12 06:08:20','2021-09-12 06:08:20'),(3,1,4,4660754.00,2,4,'2021-09-12 06:08:20','2021-09-12 06:08:20'),(4,1,5,8498104.00,2,9,'2021-09-12 06:08:20','2021-09-12 06:08:20'),(5,1,3,565647.00,2,3,'2021-09-12 06:08:20','2021-09-12 06:08:20'),(6,2,1,8813006.00,4,18,'2021-09-12 06:08:20','2021-09-12 06:08:20'),(7,2,5,8498104.00,5,15,'2021-09-12 06:08:20','2021-09-12 06:08:20'),(8,2,5,8498104.00,3,12,'2021-09-12 06:08:20','2021-09-12 06:08:20'),(9,2,5,8498104.00,2,18,'2021-09-12 06:08:20','2021-09-12 06:08:20'),(10,2,3,565647.00,5,20,'2021-09-12 06:08:20','2021-09-12 06:08:20'),(11,3,1,8813006.00,4,13,'2021-09-12 06:08:20','2021-09-12 06:08:20'),(12,3,4,4660754.00,1,12,'2021-09-12 06:08:20','2021-09-12 06:08:20'),(13,3,2,7813662.00,1,10,'2021-09-12 06:08:20','2021-09-12 06:08:20'),(14,3,2,7813662.00,5,2,'2021-09-12 06:08:20','2021-09-12 06:08:20'),(15,3,2,7813662.00,5,15,'2021-09-12 06:08:20','2021-09-12 06:08:20'),(16,4,4,4660754.00,3,1,'2021-09-12 06:08:20','2021-09-12 06:08:20'),(17,4,3,565647.00,2,17,'2021-09-12 06:08:20','2021-09-12 06:08:20'),(18,4,4,4660754.00,4,0,'2021-09-12 06:08:20','2021-09-12 06:08:20'),(19,4,4,4660754.00,4,7,'2021-09-12 06:08:20','2021-09-12 06:08:20'),(20,4,3,565647.00,5,19,'2021-09-12 06:08:20','2021-09-12 06:08:20'),(21,5,1,8813006.00,1,12,'2021-09-12 06:08:20','2021-09-12 06:08:20'),(22,5,1,8813006.00,2,13,'2021-09-12 06:08:20','2021-09-12 06:08:20'),(23,5,4,4660754.00,1,20,'2021-09-12 06:08:20','2021-09-12 06:08:20'),(24,5,5,8498104.00,3,6,'2021-09-12 06:08:20','2021-09-12 06:08:20'),(25,5,5,8498104.00,5,5,'2021-09-12 06:08:20','2021-09-12 06:08:20'),(26,6,3,565647.00,1,18,'2021-09-12 06:08:20','2021-09-12 06:08:20'),(27,6,1,8813006.00,1,17,'2021-09-12 06:08:20','2021-09-12 06:08:20'),(28,6,1,8813006.00,4,18,'2021-09-12 06:08:20','2021-09-12 06:08:20'),(29,6,4,4660754.00,4,0,'2021-09-12 06:08:20','2021-09-12 06:08:20'),(30,6,5,8498104.00,4,5,'2021-09-12 06:08:20','2021-09-12 06:08:20'),(31,7,2,7813662.00,1,3,'2021-09-12 06:08:20','2021-09-12 06:08:20'),(32,7,2,7813662.00,1,3,'2021-09-12 06:08:20','2021-09-12 06:08:20'),(33,7,1,8813006.00,4,11,'2021-09-12 06:08:20','2021-09-12 06:08:20'),(34,7,5,8498104.00,5,13,'2021-09-12 06:08:20','2021-09-12 06:08:20'),(35,7,4,4660754.00,1,9,'2021-09-12 06:08:20','2021-09-12 06:08:20'),(36,8,5,8498104.00,4,7,'2021-09-12 06:08:20','2021-09-12 06:08:20'),(37,8,5,8498104.00,5,12,'2021-09-12 06:08:20','2021-09-12 06:08:20'),(38,8,2,7813662.00,2,9,'2021-09-12 06:08:20','2021-09-12 06:08:20'),(39,8,5,8498104.00,4,2,'2021-09-12 06:08:20','2021-09-12 06:08:20'),(40,8,1,8813006.00,2,3,'2021-09-12 06:08:20','2021-09-12 06:08:20'),(41,9,1,8813006.00,3,6,'2021-09-12 06:08:20','2021-09-12 06:08:20'),(42,9,4,4660754.00,3,2,'2021-09-12 06:08:20','2021-09-12 06:08:20'),(43,9,3,565647.00,4,8,'2021-09-12 06:08:20','2021-09-12 06:08:20'),(44,9,4,4660754.00,4,11,'2021-09-12 06:08:20','2021-09-12 06:08:20'),(45,9,1,8813006.00,5,19,'2021-09-12 06:08:20','2021-09-12 06:08:20'),(46,10,3,565647.00,1,13,'2021-09-12 06:08:20','2021-09-12 06:08:20'),(47,10,5,8498104.00,2,11,'2021-09-12 06:08:20','2021-09-12 06:08:20'),(48,10,4,4660754.00,4,6,'2021-09-12 06:08:20','2021-09-12 06:08:20'),(49,10,5,8498104.00,1,10,'2021-09-12 06:08:20','2021-09-12 06:08:20'),(50,10,3,565647.00,4,20,'2021-09-12 06:08:20','2021-09-12 06:08:20'),(51,11,4,4660754.00,5,18,'2021-09-12 06:08:20','2021-09-12 06:08:20'),(52,11,3,565647.00,4,18,'2021-09-12 06:08:20','2021-09-12 06:08:20'),(53,11,4,4660754.00,4,9,'2021-09-12 06:08:20','2021-09-12 06:08:20'),(54,11,4,4660754.00,2,20,'2021-09-12 06:08:20','2021-09-12 06:08:20'),(55,11,3,565647.00,1,1,'2021-09-12 06:08:20','2021-09-12 06:08:20'),(56,12,3,565647.00,3,17,'2021-09-12 06:08:20','2021-09-12 06:08:20'),(57,12,3,565647.00,1,16,'2021-09-12 06:08:20','2021-09-12 06:08:20'),(58,12,4,4660754.00,3,13,'2021-09-12 06:08:21','2021-09-12 06:08:21'),(59,12,2,7813662.00,1,1,'2021-09-12 06:08:21','2021-09-12 06:08:21'),(60,12,3,565647.00,4,6,'2021-09-12 06:08:21','2021-09-12 06:08:21'),(61,13,5,8498104.00,5,12,'2021-09-12 06:08:21','2021-09-12 06:08:21'),(62,13,2,7813662.00,4,4,'2021-09-12 06:08:21','2021-09-12 06:08:21'),(63,13,2,7813662.00,5,1,'2021-09-12 06:08:21','2021-09-12 06:08:21'),(64,13,2,7813662.00,4,2,'2021-09-12 06:08:21','2021-09-12 06:08:21'),(65,13,4,4660754.00,3,14,'2021-09-12 06:08:21','2021-09-12 06:08:21'),(66,14,1,8813006.00,1,8,'2021-09-12 06:08:21','2021-09-12 06:08:21'),(67,14,1,8813006.00,4,12,'2021-09-12 06:08:21','2021-09-12 06:08:21'),(68,14,5,8498104.00,4,10,'2021-09-12 06:08:21','2021-09-12 06:08:21'),(69,14,4,4660754.00,4,19,'2021-09-12 06:08:21','2021-09-12 06:08:21'),(70,14,3,565647.00,5,1,'2021-09-12 06:08:21','2021-09-12 06:08:21'),(71,15,2,7813662.00,4,14,'2021-09-12 06:08:21','2021-09-12 06:08:21'),(72,15,3,565647.00,1,3,'2021-09-12 06:08:21','2021-09-12 06:08:21'),(73,15,3,565647.00,3,19,'2021-09-12 06:08:21','2021-09-12 06:08:21'),(74,15,2,7813662.00,3,8,'2021-09-12 06:08:21','2021-09-12 06:08:21'),(75,15,5,8498104.00,2,0,'2021-09-12 06:08:21','2021-09-12 06:08:21'),(76,16,2,7813662.00,1,6,'2021-09-12 06:08:21','2021-09-12 06:08:21'),(77,16,4,4660754.00,4,6,'2021-09-12 06:08:21','2021-09-12 06:08:21'),(78,16,4,4660754.00,3,19,'2021-09-12 06:08:21','2021-09-12 06:08:21'),(79,16,3,565647.00,4,12,'2021-09-12 06:08:21','2021-09-12 06:08:21'),(80,16,3,565647.00,4,13,'2021-09-12 06:08:21','2021-09-12 06:08:21'),(81,17,4,4660754.00,4,20,'2021-09-12 06:08:21','2021-09-12 06:08:21'),(82,17,3,565647.00,2,0,'2021-09-12 06:08:21','2021-09-12 06:08:21'),(83,17,1,8813006.00,3,16,'2021-09-12 06:08:21','2021-09-12 06:08:21'),(84,17,5,8498104.00,5,11,'2021-09-12 06:08:21','2021-09-12 06:08:21'),(85,17,4,4660754.00,1,4,'2021-09-12 06:08:21','2021-09-12 06:08:21'),(86,18,2,7813662.00,5,4,'2021-09-12 06:08:21','2021-09-12 06:08:21'),(87,18,5,8498104.00,1,7,'2021-09-12 06:08:21','2021-09-12 06:08:21'),(88,18,3,565647.00,3,19,'2021-09-12 06:08:21','2021-09-12 06:08:21'),(89,18,5,8498104.00,4,12,'2021-09-12 06:08:21','2021-09-12 06:08:21'),(90,18,1,8813006.00,3,6,'2021-09-12 06:08:21','2021-09-12 06:08:21'),(91,19,1,8813006.00,5,2,'2021-09-12 06:08:21','2021-09-12 06:08:21'),(92,19,4,4660754.00,3,13,'2021-09-12 06:08:21','2021-09-12 06:08:21'),(93,19,3,565647.00,5,8,'2021-09-12 06:08:21','2021-09-12 06:08:21'),(94,19,2,7813662.00,1,5,'2021-09-12 06:08:21','2021-09-12 06:08:21'),(95,19,5,8498104.00,4,5,'2021-09-12 06:08:21','2021-09-12 06:08:21'),(96,20,1,8813006.00,5,13,'2021-09-12 06:08:21','2021-09-12 06:08:21'),(97,20,3,565647.00,3,15,'2021-09-12 06:08:21','2021-09-12 06:08:21'),(98,20,4,4660754.00,3,20,'2021-09-12 06:08:21','2021-09-12 06:08:21'),(99,20,1,8813006.00,3,5,'2021-09-12 06:08:21','2021-09-12 06:08:21'),(100,20,4,4660754.00,5,18,'2021-09-12 06:08:21','2021-09-12 06:08:21'),(101,21,3,565647.00,3,3,'2021-09-12 06:08:27','2021-09-12 06:08:27'),(102,21,3,565647.00,2,13,'2021-09-12 06:08:27','2021-09-12 06:08:27'),(103,22,5,8498104.00,2,9,'2021-09-12 06:08:27','2021-09-12 06:08:27'),(104,22,2,7813662.00,1,8,'2021-09-12 06:08:27','2021-09-12 06:08:27'),(105,23,5,8498104.00,4,14,'2021-09-12 06:08:27','2021-09-12 06:08:27'),(106,23,9,6859040.00,1,1,'2021-09-12 06:08:27','2021-09-12 06:08:27'),(107,24,4,4660754.00,5,17,'2021-09-12 06:08:27','2021-09-12 06:08:27'),(108,24,5,8498104.00,4,7,'2021-09-12 06:08:27','2021-09-12 06:08:27'),(109,25,1,8813006.00,1,15,'2021-09-12 06:08:27','2021-09-12 06:08:27'),(110,25,10,5608170.00,2,19,'2021-09-12 06:08:28','2021-09-12 06:08:28'),(111,26,4,4660754.00,4,7,'2021-09-12 06:08:28','2021-09-12 06:08:28'),(112,26,6,4549771.00,4,2,'2021-09-12 06:08:28','2021-09-12 06:08:28'),(113,27,7,20314.00,3,14,'2021-09-12 06:08:28','2021-09-12 06:08:28'),(114,27,3,565647.00,1,10,'2021-09-12 06:08:28','2021-09-12 06:08:28'),(115,28,3,565647.00,2,13,'2021-09-12 06:08:28','2021-09-12 06:08:28'),(116,28,1,8813006.00,2,1,'2021-09-12 06:08:28','2021-09-12 06:08:28'),(117,29,4,4660754.00,1,2,'2021-09-12 06:08:28','2021-09-12 06:08:28'),(118,29,10,5608170.00,1,17,'2021-09-12 06:08:28','2021-09-12 06:08:28'),(119,30,9,6859040.00,2,9,'2021-09-12 06:08:28','2021-09-12 06:08:28'),(120,30,9,6859040.00,3,0,'2021-09-12 06:08:28','2021-09-12 06:08:28'),(121,31,3,565647.00,4,2,'2021-09-12 06:08:28','2021-09-12 06:08:28'),(122,31,5,8498104.00,5,1,'2021-09-12 06:08:28','2021-09-12 06:08:28'),(123,32,3,565647.00,5,6,'2021-09-12 06:08:28','2021-09-12 06:08:28'),(124,32,2,7813662.00,3,16,'2021-09-12 06:08:28','2021-09-12 06:08:28'),(125,33,8,3490033.00,3,15,'2021-09-12 06:08:28','2021-09-12 06:08:28'),(126,33,2,7813662.00,4,18,'2021-09-12 06:08:28','2021-09-12 06:08:28'),(127,34,3,565647.00,4,19,'2021-09-12 06:08:28','2021-09-12 06:08:28'),(128,34,10,5608170.00,1,4,'2021-09-12 06:08:28','2021-09-12 06:08:28'),(129,35,1,8813006.00,2,11,'2021-09-12 06:08:28','2021-09-12 06:08:28'),(130,35,9,6859040.00,1,11,'2021-09-12 06:08:28','2021-09-12 06:08:28'),(131,36,5,8498104.00,5,2,'2021-09-12 06:08:28','2021-09-12 06:08:28'),(132,36,9,6859040.00,1,8,'2021-09-12 06:08:28','2021-09-12 06:08:28'),(133,37,4,4660754.00,5,9,'2021-09-12 06:08:28','2021-09-12 06:08:28'),(134,37,7,20314.00,5,15,'2021-09-12 06:08:28','2021-09-12 06:08:28'),(135,38,3,565647.00,3,3,'2021-09-12 06:08:28','2021-09-12 06:08:28'),(136,38,2,7813662.00,5,11,'2021-09-12 06:08:28','2021-09-12 06:08:28'),(137,39,6,4549771.00,3,3,'2021-09-12 06:08:28','2021-09-12 06:08:28'),(138,39,10,5608170.00,3,6,'2021-09-12 06:08:28','2021-09-12 06:08:28'),(139,40,5,8498104.00,2,0,'2021-09-12 06:08:28','2021-09-12 06:08:28'),(140,40,5,8498104.00,1,11,'2021-09-12 06:08:28','2021-09-12 06:08:28'),(141,41,12,4652129.00,5,8,'2021-09-12 06:08:39','2021-09-12 06:08:39'),(142,42,5,8498104.00,3,10,'2021-09-12 06:08:39','2021-09-12 06:08:39'),(143,43,14,6434150.00,2,17,'2021-09-12 06:08:39','2021-09-12 06:08:39'),(144,44,12,4652129.00,2,12,'2021-09-12 06:08:39','2021-09-12 06:08:39'),(145,45,7,20314.00,2,20,'2021-09-12 06:08:39','2021-09-12 06:08:39'),(146,46,14,6434150.00,3,18,'2021-09-12 06:08:39','2021-09-12 06:08:39'),(147,47,11,370327.00,4,10,'2021-09-12 06:08:40','2021-09-12 06:08:40'),(148,48,4,4660754.00,4,10,'2021-09-12 06:08:40','2021-09-12 06:08:40'),(149,49,10,5608170.00,3,18,'2021-09-12 06:08:40','2021-09-12 06:08:40'),(150,50,11,370327.00,1,6,'2021-09-12 06:08:40','2021-09-12 06:08:40'),(151,51,11,370327.00,4,17,'2021-09-12 06:08:40','2021-09-12 06:08:40'),(152,52,11,370327.00,4,15,'2021-09-12 06:08:40','2021-09-12 06:08:40'),(153,53,5,8498104.00,1,12,'2021-09-12 06:08:40','2021-09-12 06:08:40'),(154,54,15,1613594.00,2,10,'2021-09-12 06:08:40','2021-09-12 06:08:40'),(155,55,8,3490033.00,4,13,'2021-09-12 06:08:40','2021-09-12 06:08:40'),(156,56,14,6434150.00,3,7,'2021-09-12 06:08:40','2021-09-12 06:08:40'),(157,57,5,8498104.00,2,13,'2021-09-12 06:08:40','2021-09-12 06:08:40'),(158,58,3,565647.00,3,2,'2021-09-12 06:08:40','2021-09-12 06:08:40'),(159,59,6,4549771.00,3,15,'2021-09-12 06:08:40','2021-09-12 06:08:40'),(160,60,7,20314.00,3,17,'2021-09-12 06:08:40','2021-09-12 06:08:40'),(161,61,18,4015320.00,1,11,'2021-09-12 06:08:45','2021-09-12 06:08:45'),(162,61,16,179285.00,3,8,'2021-09-12 06:08:45','2021-09-12 06:08:45'),(163,61,3,565647.00,2,2,'2021-09-12 06:08:45','2021-09-12 06:08:45'),(164,61,2,7813662.00,2,13,'2021-09-12 06:08:45','2021-09-12 06:08:45'),(165,61,11,370327.00,4,14,'2021-09-12 06:08:45','2021-09-12 06:08:45'),(166,61,14,6434150.00,1,14,'2021-09-12 06:08:45','2021-09-12 06:08:45'),(167,61,4,4660754.00,1,8,'2021-09-12 06:08:45','2021-09-12 06:08:45'),(168,61,18,4015320.00,1,7,'2021-09-12 06:08:45','2021-09-12 06:08:45'),(169,61,10,5608170.00,2,20,'2021-09-12 06:08:45','2021-09-12 06:08:45'),(170,61,7,20314.00,5,17,'2021-09-12 06:08:45','2021-09-12 06:08:45'),(171,62,16,179285.00,5,9,'2021-09-12 06:08:45','2021-09-12 06:08:45'),(172,62,7,20314.00,4,14,'2021-09-12 06:08:45','2021-09-12 06:08:45'),(173,62,4,4660754.00,5,1,'2021-09-12 06:08:45','2021-09-12 06:08:45'),(174,62,3,565647.00,5,8,'2021-09-12 06:08:45','2021-09-12 06:08:45'),(175,62,12,4652129.00,4,1,'2021-09-12 06:08:45','2021-09-12 06:08:45'),(176,62,12,4652129.00,4,20,'2021-09-12 06:08:45','2021-09-12 06:08:45'),(177,62,13,7175679.00,5,19,'2021-09-12 06:08:45','2021-09-12 06:08:45'),(178,62,4,4660754.00,4,11,'2021-09-12 06:08:45','2021-09-12 06:08:45'),(179,62,17,564374.00,4,12,'2021-09-12 06:08:45','2021-09-12 06:08:45'),(180,62,14,6434150.00,1,4,'2021-09-12 06:08:45','2021-09-12 06:08:45'),(181,63,17,564374.00,3,8,'2021-09-12 06:08:45','2021-09-12 06:08:45'),(182,63,16,179285.00,3,14,'2021-09-12 06:08:45','2021-09-12 06:08:45'),(183,63,2,7813662.00,1,17,'2021-09-12 06:08:45','2021-09-12 06:08:45'),(184,63,1,8813006.00,4,14,'2021-09-12 06:08:45','2021-09-12 06:08:45'),(185,63,9,6859040.00,2,11,'2021-09-12 06:08:45','2021-09-12 06:08:45'),(186,63,16,179285.00,1,18,'2021-09-12 06:08:45','2021-09-12 06:08:45'),(187,63,7,20314.00,1,20,'2021-09-12 06:08:45','2021-09-12 06:08:45'),(188,63,2,7813662.00,1,2,'2021-09-12 06:08:45','2021-09-12 06:08:45'),(189,63,5,8498104.00,5,15,'2021-09-12 06:08:45','2021-09-12 06:08:45'),(190,63,15,1613594.00,5,15,'2021-09-12 06:08:45','2021-09-12 06:08:45'),(191,64,14,6434150.00,2,15,'2021-09-12 06:08:45','2021-09-12 06:08:45'),(192,64,5,8498104.00,1,14,'2021-09-12 06:08:45','2021-09-12 06:08:45'),(193,64,4,4660754.00,1,1,'2021-09-12 06:08:45','2021-09-12 06:08:45'),(194,64,11,370327.00,1,1,'2021-09-12 06:08:45','2021-09-12 06:08:45'),(195,64,19,4010419.00,1,2,'2021-09-12 06:08:45','2021-09-12 06:08:45'),(196,64,16,179285.00,1,10,'2021-09-12 06:08:45','2021-09-12 06:08:45'),(197,64,7,20314.00,1,4,'2021-09-12 06:08:45','2021-09-12 06:08:45'),(198,64,19,4010419.00,3,0,'2021-09-12 06:08:45','2021-09-12 06:08:45'),(199,64,7,20314.00,1,13,'2021-09-12 06:08:45','2021-09-12 06:08:45'),(200,64,20,7603746.00,1,12,'2021-09-12 06:08:45','2021-09-12 06:08:45'),(201,65,12,4652129.00,4,11,'2021-09-12 06:08:45','2021-09-12 06:08:45'),(202,65,3,565647.00,1,10,'2021-09-12 06:08:45','2021-09-12 06:08:45'),(203,65,12,4652129.00,2,4,'2021-09-12 06:08:45','2021-09-12 06:08:45'),(204,65,13,7175679.00,1,15,'2021-09-12 06:08:45','2021-09-12 06:08:45'),(205,65,9,6859040.00,3,8,'2021-09-12 06:08:45','2021-09-12 06:08:45'),(206,65,12,4652129.00,3,17,'2021-09-12 06:08:45','2021-09-12 06:08:45'),(207,65,4,4660754.00,4,3,'2021-09-12 06:08:45','2021-09-12 06:08:45'),(208,65,11,370327.00,5,6,'2021-09-12 06:08:45','2021-09-12 06:08:45'),(209,65,2,7813662.00,1,19,'2021-09-12 06:08:45','2021-09-12 06:08:45'),(210,65,10,5608170.00,5,1,'2021-09-12 06:08:45','2021-09-12 06:08:45'),(211,66,20,7603746.00,5,2,'2021-09-12 06:08:45','2021-09-12 06:08:45'),(212,66,1,8813006.00,2,9,'2021-09-12 06:08:45','2021-09-12 06:08:45'),(213,66,10,5608170.00,1,15,'2021-09-12 06:08:45','2021-09-12 06:08:45'),(214,66,15,1613594.00,1,14,'2021-09-12 06:08:45','2021-09-12 06:08:45'),(215,66,10,5608170.00,4,18,'2021-09-12 06:08:45','2021-09-12 06:08:45'),(216,66,11,370327.00,4,14,'2021-09-12 06:08:45','2021-09-12 06:08:45'),(217,66,11,370327.00,5,16,'2021-09-12 06:08:45','2021-09-12 06:08:45'),(218,66,10,5608170.00,1,17,'2021-09-12 06:08:45','2021-09-12 06:08:45'),(219,66,14,6434150.00,4,19,'2021-09-12 06:08:46','2021-09-12 06:08:46'),(220,66,15,1613594.00,5,11,'2021-09-12 06:08:46','2021-09-12 06:08:46'),(221,67,16,179285.00,3,1,'2021-09-12 06:08:46','2021-09-12 06:08:46'),(222,67,16,179285.00,5,19,'2021-09-12 06:08:46','2021-09-12 06:08:46'),(223,67,15,1613594.00,1,15,'2021-09-12 06:08:46','2021-09-12 06:08:46'),(224,67,1,8813006.00,5,12,'2021-09-12 06:08:46','2021-09-12 06:08:46'),(225,67,4,4660754.00,5,10,'2021-09-12 06:08:46','2021-09-12 06:08:46'),(226,67,18,4015320.00,1,17,'2021-09-12 06:08:46','2021-09-12 06:08:46'),(227,67,4,4660754.00,3,1,'2021-09-12 06:08:46','2021-09-12 06:08:46'),(228,67,11,370327.00,5,10,'2021-09-12 06:08:46','2021-09-12 06:08:46'),(229,67,12,4652129.00,2,2,'2021-09-12 06:08:46','2021-09-12 06:08:46'),(230,67,11,370327.00,3,20,'2021-09-12 06:08:46','2021-09-12 06:08:46'),(231,68,10,5608170.00,1,4,'2021-09-12 06:08:46','2021-09-12 06:08:46'),(232,68,16,179285.00,4,20,'2021-09-12 06:08:46','2021-09-12 06:08:46'),(233,68,2,7813662.00,3,19,'2021-09-12 06:08:46','2021-09-12 06:08:46'),(234,68,9,6859040.00,1,11,'2021-09-12 06:08:46','2021-09-12 06:08:46'),(235,68,1,8813006.00,1,11,'2021-09-12 06:08:46','2021-09-12 06:08:46'),(236,68,18,4015320.00,1,8,'2021-09-12 06:08:46','2021-09-12 06:08:46'),(237,68,1,8813006.00,1,10,'2021-09-12 06:08:46','2021-09-12 06:08:46'),(238,68,4,4660754.00,2,8,'2021-09-12 06:08:46','2021-09-12 06:08:46'),(239,68,9,6859040.00,5,0,'2021-09-12 06:08:46','2021-09-12 06:08:46'),(240,68,19,4010419.00,5,11,'2021-09-12 06:08:46','2021-09-12 06:08:46'),(241,69,10,5608170.00,2,9,'2021-09-12 06:08:46','2021-09-12 06:08:46'),(242,69,6,4549771.00,1,9,'2021-09-12 06:08:46','2021-09-12 06:08:46'),(243,69,17,564374.00,1,6,'2021-09-12 06:08:46','2021-09-12 06:08:46'),(244,69,10,5608170.00,5,18,'2021-09-12 06:08:46','2021-09-12 06:08:46'),(245,69,6,4549771.00,2,1,'2021-09-12 06:08:46','2021-09-12 06:08:46'),(246,69,16,179285.00,5,13,'2021-09-12 06:08:46','2021-09-12 06:08:46'),(247,69,9,6859040.00,4,19,'2021-09-12 06:08:46','2021-09-12 06:08:46'),(248,69,13,7175679.00,1,17,'2021-09-12 06:08:46','2021-09-12 06:08:46'),(249,69,2,7813662.00,1,14,'2021-09-12 06:08:46','2021-09-12 06:08:46'),(250,69,8,3490033.00,1,10,'2021-09-12 06:08:46','2021-09-12 06:08:46'),(251,70,19,4010419.00,2,9,'2021-09-12 06:08:46','2021-09-12 06:08:46'),(252,70,20,7603746.00,1,19,'2021-09-12 06:08:46','2021-09-12 06:08:46'),(253,70,6,4549771.00,2,7,'2021-09-12 06:08:46','2021-09-12 06:08:46'),(254,70,2,7813662.00,1,16,'2021-09-12 06:08:46','2021-09-12 06:08:46'),(255,70,11,370327.00,1,6,'2021-09-12 06:08:46','2021-09-12 06:08:46'),(256,70,1,8813006.00,1,6,'2021-09-12 06:08:46','2021-09-12 06:08:46'),(257,70,1,8813006.00,2,2,'2021-09-12 06:08:46','2021-09-12 06:08:46'),(258,70,11,370327.00,1,6,'2021-09-12 06:08:46','2021-09-12 06:08:46'),(259,70,13,7175679.00,2,20,'2021-09-12 06:08:46','2021-09-12 06:08:46'),(260,70,17,564374.00,3,13,'2021-09-12 06:08:46','2021-09-12 06:08:46'),(261,71,1,8813006.00,2,4,'2021-09-12 06:08:46','2021-09-12 06:08:46'),(262,71,18,4015320.00,3,13,'2021-09-12 06:08:46','2021-09-12 06:08:46'),(263,71,4,4660754.00,3,7,'2021-09-12 06:08:46','2021-09-12 06:08:46'),(264,71,17,564374.00,3,19,'2021-09-12 06:08:46','2021-09-12 06:08:46'),(265,71,16,179285.00,5,5,'2021-09-12 06:08:46','2021-09-12 06:08:46'),(266,71,5,8498104.00,3,4,'2021-09-12 06:08:46','2021-09-12 06:08:46'),(267,71,3,565647.00,1,1,'2021-09-12 06:08:46','2021-09-12 06:08:46'),(268,71,5,8498104.00,5,12,'2021-09-12 06:08:46','2021-09-12 06:08:46'),(269,71,5,8498104.00,5,16,'2021-09-12 06:08:46','2021-09-12 06:08:46'),(270,71,7,20314.00,1,15,'2021-09-12 06:08:46','2021-09-12 06:08:46'),(271,72,16,179285.00,1,14,'2021-09-12 06:08:46','2021-09-12 06:08:46'),(272,72,19,4010419.00,1,14,'2021-09-12 06:08:46','2021-09-12 06:08:46'),(273,72,2,7813662.00,1,12,'2021-09-12 06:08:46','2021-09-12 06:08:46'),(274,72,2,7813662.00,2,10,'2021-09-12 06:08:46','2021-09-12 06:08:46'),(275,72,3,565647.00,1,20,'2021-09-12 06:08:46','2021-09-12 06:08:46'),(276,72,10,5608170.00,1,12,'2021-09-12 06:08:46','2021-09-12 06:08:46'),(277,72,8,3490033.00,4,11,'2021-09-12 06:08:46','2021-09-12 06:08:46'),(278,72,17,564374.00,4,13,'2021-09-12 06:08:46','2021-09-12 06:08:46'),(279,72,9,6859040.00,5,13,'2021-09-12 06:08:46','2021-09-12 06:08:46'),(280,72,11,370327.00,2,5,'2021-09-12 06:08:46','2021-09-12 06:08:46'),(281,73,2,7813662.00,5,6,'2021-09-12 06:08:47','2021-09-12 06:08:47'),(282,73,1,8813006.00,1,3,'2021-09-12 06:08:47','2021-09-12 06:08:47'),(283,73,19,4010419.00,5,1,'2021-09-12 06:08:47','2021-09-12 06:08:47'),(284,73,2,7813662.00,3,10,'2021-09-12 06:08:47','2021-09-12 06:08:47'),(285,73,18,4015320.00,3,19,'2021-09-12 06:08:47','2021-09-12 06:08:47'),(286,73,10,5608170.00,2,8,'2021-09-12 06:08:47','2021-09-12 06:08:47'),(287,73,19,4010419.00,4,8,'2021-09-12 06:08:47','2021-09-12 06:08:47'),(288,73,2,7813662.00,1,17,'2021-09-12 06:08:47','2021-09-12 06:08:47'),(289,73,14,6434150.00,1,3,'2021-09-12 06:08:47','2021-09-12 06:08:47'),(290,73,20,7603746.00,4,9,'2021-09-12 06:08:47','2021-09-12 06:08:47'),(291,74,6,4549771.00,1,7,'2021-09-12 06:08:47','2021-09-12 06:08:47'),(292,74,17,564374.00,1,3,'2021-09-12 06:08:47','2021-09-12 06:08:47'),(293,74,8,3490033.00,5,0,'2021-09-12 06:08:47','2021-09-12 06:08:47'),(294,74,12,4652129.00,3,6,'2021-09-12 06:08:47','2021-09-12 06:08:47'),(295,74,1,8813006.00,2,9,'2021-09-12 06:08:47','2021-09-12 06:08:47'),(296,74,14,6434150.00,3,4,'2021-09-12 06:08:47','2021-09-12 06:08:47'),(297,74,4,4660754.00,3,0,'2021-09-12 06:08:47','2021-09-12 06:08:47'),(298,74,15,1613594.00,5,2,'2021-09-12 06:08:47','2021-09-12 06:08:47'),(299,74,2,7813662.00,4,3,'2021-09-12 06:08:47','2021-09-12 06:08:47'),(300,74,18,4015320.00,5,17,'2021-09-12 06:08:47','2021-09-12 06:08:47'),(301,75,15,1613594.00,1,1,'2021-09-12 06:08:47','2021-09-12 06:08:47'),(302,75,3,565647.00,3,3,'2021-09-12 06:08:47','2021-09-12 06:08:47'),(303,75,16,179285.00,4,18,'2021-09-12 06:08:47','2021-09-12 06:08:47'),(304,75,17,564374.00,4,9,'2021-09-12 06:08:47','2021-09-12 06:08:47'),(305,75,8,3490033.00,4,20,'2021-09-12 06:08:47','2021-09-12 06:08:47'),(306,75,14,6434150.00,5,9,'2021-09-12 06:08:47','2021-09-12 06:08:47'),(307,75,18,4015320.00,5,4,'2021-09-12 06:08:47','2021-09-12 06:08:47'),(308,75,9,6859040.00,3,16,'2021-09-12 06:08:47','2021-09-12 06:08:47'),(309,75,18,4015320.00,4,11,'2021-09-12 06:08:47','2021-09-12 06:08:47'),(310,75,20,7603746.00,5,15,'2021-09-12 06:08:47','2021-09-12 06:08:47'),(311,76,13,7175679.00,2,11,'2021-09-12 06:08:47','2021-09-12 06:08:47'),(312,76,17,564374.00,3,4,'2021-09-12 06:08:47','2021-09-12 06:08:47'),(313,76,3,565647.00,1,4,'2021-09-12 06:08:47','2021-09-12 06:08:47'),(314,76,6,4549771.00,2,17,'2021-09-12 06:08:47','2021-09-12 06:08:47'),(315,76,5,8498104.00,1,13,'2021-09-12 06:08:47','2021-09-12 06:08:47'),(316,76,3,565647.00,2,1,'2021-09-12 06:08:47','2021-09-12 06:08:47'),(317,76,12,4652129.00,4,13,'2021-09-12 06:08:47','2021-09-12 06:08:47'),(318,76,14,6434150.00,5,0,'2021-09-12 06:08:47','2021-09-12 06:08:47'),(319,76,5,8498104.00,4,20,'2021-09-12 06:08:47','2021-09-12 06:08:47'),(320,76,3,565647.00,2,9,'2021-09-12 06:08:47','2021-09-12 06:08:47'),(321,77,17,564374.00,5,1,'2021-09-12 06:08:47','2021-09-12 06:08:47'),(322,77,18,4015320.00,3,6,'2021-09-12 06:08:47','2021-09-12 06:08:47'),(323,77,18,4015320.00,3,13,'2021-09-12 06:08:47','2021-09-12 06:08:47'),(324,77,9,6859040.00,3,18,'2021-09-12 06:08:47','2021-09-12 06:08:47'),(325,77,4,4660754.00,5,1,'2021-09-12 06:08:47','2021-09-12 06:08:47'),(326,77,8,3490033.00,5,19,'2021-09-12 06:08:47','2021-09-12 06:08:47'),(327,77,11,370327.00,2,2,'2021-09-12 06:08:47','2021-09-12 06:08:47'),(328,77,7,20314.00,2,5,'2021-09-12 06:08:47','2021-09-12 06:08:47'),(329,77,5,8498104.00,5,0,'2021-09-12 06:08:47','2021-09-12 06:08:47'),(330,77,12,4652129.00,2,6,'2021-09-12 06:08:47','2021-09-12 06:08:47'),(331,78,8,3490033.00,2,0,'2021-09-12 06:08:47','2021-09-12 06:08:47'),(332,78,8,3490033.00,2,18,'2021-09-12 06:08:47','2021-09-12 06:08:47'),(333,78,16,179285.00,4,4,'2021-09-12 06:08:47','2021-09-12 06:08:47'),(334,78,2,7813662.00,2,19,'2021-09-12 06:08:47','2021-09-12 06:08:47'),(335,78,2,7813662.00,2,19,'2021-09-12 06:08:47','2021-09-12 06:08:47'),(336,78,3,565647.00,1,6,'2021-09-12 06:08:47','2021-09-12 06:08:47'),(337,78,3,565647.00,4,11,'2021-09-12 06:08:47','2021-09-12 06:08:47'),(338,78,5,8498104.00,1,13,'2021-09-12 06:08:47','2021-09-12 06:08:47'),(339,78,12,4652129.00,1,12,'2021-09-12 06:08:47','2021-09-12 06:08:47'),(340,78,3,565647.00,2,4,'2021-09-12 06:08:47','2021-09-12 06:08:47'),(341,79,9,6859040.00,3,17,'2021-09-12 06:08:47','2021-09-12 06:08:47'),(342,79,19,4010419.00,2,13,'2021-09-12 06:08:48','2021-09-12 06:08:48'),(343,79,17,564374.00,1,18,'2021-09-12 06:08:48','2021-09-12 06:08:48'),(344,79,12,4652129.00,2,19,'2021-09-12 06:08:48','2021-09-12 06:08:48'),(345,79,15,1613594.00,2,8,'2021-09-12 06:08:48','2021-09-12 06:08:48'),(346,79,15,1613594.00,5,14,'2021-09-12 06:08:48','2021-09-12 06:08:48'),(347,79,11,370327.00,4,12,'2021-09-12 06:08:48','2021-09-12 06:08:48'),(348,79,19,4010419.00,1,1,'2021-09-12 06:08:48','2021-09-12 06:08:48'),(349,79,4,4660754.00,1,20,'2021-09-12 06:08:48','2021-09-12 06:08:48'),(350,79,11,370327.00,3,11,'2021-09-12 06:08:48','2021-09-12 06:08:48'),(351,80,3,565647.00,3,0,'2021-09-12 06:08:48','2021-09-12 06:08:48'),(352,80,18,4015320.00,4,3,'2021-09-12 06:08:48','2021-09-12 06:08:48'),(353,80,7,20314.00,5,7,'2021-09-12 06:08:48','2021-09-12 06:08:48'),(354,80,20,7603746.00,5,10,'2021-09-12 06:08:48','2021-09-12 06:08:48'),(355,80,18,4015320.00,4,2,'2021-09-12 06:08:48','2021-09-12 06:08:48'),(356,80,14,6434150.00,4,18,'2021-09-12 06:08:48','2021-09-12 06:08:48'),(357,80,19,4010419.00,4,3,'2021-09-12 06:08:48','2021-09-12 06:08:48'),(358,80,9,6859040.00,1,0,'2021-09-12 06:08:48','2021-09-12 06:08:48'),(359,80,6,4549771.00,3,15,'2021-09-12 06:08:48','2021-09-12 06:08:48'),(360,80,4,4660754.00,3,10,'2021-09-12 06:08:48','2021-09-12 06:08:48'),(361,81,14,6434150.00,2,3,'2021-09-12 06:08:55','2021-09-12 06:08:55'),(362,81,8,3490033.00,2,6,'2021-09-12 06:08:55','2021-09-12 06:08:55'),(363,81,2,7813662.00,5,11,'2021-09-12 06:08:55','2021-09-12 06:08:55'),(364,81,10,5608170.00,2,20,'2021-09-12 06:08:55','2021-09-12 06:08:55'),(365,81,2,7813662.00,3,7,'2021-09-12 06:08:55','2021-09-12 06:08:55'),(366,81,6,4549771.00,4,14,'2021-09-12 06:08:55','2021-09-12 06:08:55'),(367,82,13,7175679.00,3,2,'2021-09-12 06:08:55','2021-09-12 06:08:55'),(368,82,16,179285.00,3,4,'2021-09-12 06:08:55','2021-09-12 06:08:55'),(369,82,11,370327.00,5,9,'2021-09-12 06:08:55','2021-09-12 06:08:55'),(370,82,4,4660754.00,3,13,'2021-09-12 06:08:55','2021-09-12 06:08:55'),(371,82,4,4660754.00,1,12,'2021-09-12 06:08:55','2021-09-12 06:08:55'),(372,82,18,4015320.00,4,11,'2021-09-12 06:08:55','2021-09-12 06:08:55'),(373,83,7,20314.00,4,9,'2021-09-12 06:08:55','2021-09-12 06:08:55'),(374,83,10,5608170.00,2,15,'2021-09-12 06:08:55','2021-09-12 06:08:55'),(375,83,19,4010419.00,1,18,'2021-09-12 06:08:55','2021-09-12 06:08:55'),(376,83,9,6859040.00,5,5,'2021-09-12 06:08:55','2021-09-12 06:08:55'),(377,83,8,3490033.00,2,14,'2021-09-12 06:08:55','2021-09-12 06:08:55'),(378,83,12,4652129.00,2,11,'2021-09-12 06:08:55','2021-09-12 06:08:55'),(379,84,21,1045645.00,3,8,'2021-09-12 06:08:55','2021-09-12 06:08:55'),(380,84,23,2205040.00,2,9,'2021-09-12 06:08:55','2021-09-12 06:08:55'),(381,84,14,6434150.00,5,2,'2021-09-12 06:08:55','2021-09-12 06:08:55'),(382,84,1,8813006.00,1,9,'2021-09-12 06:08:55','2021-09-12 06:08:55'),(383,84,23,2205040.00,1,5,'2021-09-12 06:08:55','2021-09-12 06:08:55'),(384,84,19,4010419.00,1,20,'2021-09-12 06:08:55','2021-09-12 06:08:55'),(385,85,21,1045645.00,5,10,'2021-09-12 06:08:55','2021-09-12 06:08:55'),(386,85,9,6859040.00,2,6,'2021-09-12 06:08:55','2021-09-12 06:08:55'),(387,85,6,4549771.00,5,14,'2021-09-12 06:08:55','2021-09-12 06:08:55'),(388,85,14,6434150.00,1,11,'2021-09-12 06:08:55','2021-09-12 06:08:55'),(389,85,4,4660754.00,1,3,'2021-09-12 06:08:55','2021-09-12 06:08:55'),(390,85,9,6859040.00,2,1,'2021-09-12 06:08:55','2021-09-12 06:08:55'),(391,86,2,7813662.00,2,13,'2021-09-12 06:08:55','2021-09-12 06:08:55'),(392,86,13,7175679.00,1,20,'2021-09-12 06:08:55','2021-09-12 06:08:55'),(393,86,12,4652129.00,5,1,'2021-09-12 06:08:55','2021-09-12 06:08:55'),(394,86,5,8498104.00,5,10,'2021-09-12 06:08:55','2021-09-12 06:08:55'),(395,86,11,370327.00,5,9,'2021-09-12 06:08:55','2021-09-12 06:08:55'),(396,86,9,6859040.00,2,5,'2021-09-12 06:08:55','2021-09-12 06:08:55'),(397,87,19,4010419.00,4,14,'2021-09-12 06:08:55','2021-09-12 06:08:55'),(398,87,18,4015320.00,1,0,'2021-09-12 06:08:55','2021-09-12 06:08:55'),(399,87,25,7896386.00,5,6,'2021-09-12 06:08:55','2021-09-12 06:08:55'),(400,87,1,8813006.00,1,16,'2021-09-12 06:08:55','2021-09-12 06:08:55'),(401,87,6,4549771.00,4,16,'2021-09-12 06:08:55','2021-09-12 06:08:55'),(402,87,21,1045645.00,4,13,'2021-09-12 06:08:55','2021-09-12 06:08:55'),(403,88,21,1045645.00,1,20,'2021-09-12 06:08:55','2021-09-12 06:08:55'),(404,88,23,2205040.00,3,18,'2021-09-12 06:08:55','2021-09-12 06:08:55'),(405,88,17,564374.00,5,20,'2021-09-12 06:08:55','2021-09-12 06:08:55'),(406,88,5,8498104.00,4,15,'2021-09-12 06:08:55','2021-09-12 06:08:55'),(407,88,2,7813662.00,2,8,'2021-09-12 06:08:55','2021-09-12 06:08:55'),(408,88,15,1613594.00,3,1,'2021-09-12 06:08:56','2021-09-12 06:08:56'),(409,89,23,2205040.00,5,16,'2021-09-12 06:08:56','2021-09-12 06:08:56'),(410,89,21,1045645.00,2,13,'2021-09-12 06:08:56','2021-09-12 06:08:56'),(411,89,2,7813662.00,2,6,'2021-09-12 06:08:56','2021-09-12 06:08:56'),(412,89,12,4652129.00,2,6,'2021-09-12 06:08:56','2021-09-12 06:08:56'),(413,89,22,3185564.00,2,14,'2021-09-12 06:08:56','2021-09-12 06:08:56'),(414,89,8,3490033.00,3,14,'2021-09-12 06:08:56','2021-09-12 06:08:56'),(415,90,22,3185564.00,2,1,'2021-09-12 06:08:56','2021-09-12 06:08:56'),(416,90,23,2205040.00,2,6,'2021-09-12 06:08:56','2021-09-12 06:08:56'),(417,90,25,7896386.00,2,12,'2021-09-12 06:08:56','2021-09-12 06:08:56'),(418,90,20,7603746.00,3,19,'2021-09-12 06:08:56','2021-09-12 06:08:56'),(419,90,8,3490033.00,3,15,'2021-09-12 06:08:56','2021-09-12 06:08:56'),(420,90,5,8498104.00,5,15,'2021-09-12 06:08:56','2021-09-12 06:08:56'),(421,91,2,7813662.00,3,15,'2021-09-12 06:08:56','2021-09-12 06:08:56'),(422,91,10,5608170.00,4,3,'2021-09-12 06:08:56','2021-09-12 06:08:56'),(423,91,20,7603746.00,4,12,'2021-09-12 06:08:56','2021-09-12 06:08:56'),(424,91,24,7428622.00,4,6,'2021-09-12 06:08:56','2021-09-12 06:08:56'),(425,91,23,2205040.00,3,3,'2021-09-12 06:08:56','2021-09-12 06:08:56'),(426,91,16,179285.00,1,2,'2021-09-12 06:08:56','2021-09-12 06:08:56'),(427,92,3,565647.00,5,1,'2021-09-12 06:08:56','2021-09-12 06:08:56'),(428,92,7,20314.00,5,18,'2021-09-12 06:08:56','2021-09-12 06:08:56'),(429,92,20,7603746.00,4,8,'2021-09-12 06:08:56','2021-09-12 06:08:56'),(430,92,13,7175679.00,2,6,'2021-09-12 06:08:56','2021-09-12 06:08:56'),(431,92,11,370327.00,3,2,'2021-09-12 06:08:56','2021-09-12 06:08:56'),(432,92,25,7896386.00,5,1,'2021-09-12 06:08:56','2021-09-12 06:08:56'),(433,93,15,1613594.00,4,9,'2021-09-12 06:08:56','2021-09-12 06:08:56'),(434,93,1,8813006.00,5,0,'2021-09-12 06:08:56','2021-09-12 06:08:56'),(435,93,4,4660754.00,5,12,'2021-09-12 06:08:56','2021-09-12 06:08:56'),(436,93,2,7813662.00,3,13,'2021-09-12 06:08:56','2021-09-12 06:08:56'),(437,93,18,4015320.00,5,10,'2021-09-12 06:08:56','2021-09-12 06:08:56'),(438,93,15,1613594.00,3,4,'2021-09-12 06:08:56','2021-09-12 06:08:56'),(439,94,4,4660754.00,4,17,'2021-09-12 06:08:56','2021-09-12 06:08:56'),(440,94,15,1613594.00,1,10,'2021-09-12 06:08:56','2021-09-12 06:08:56'),(441,94,17,564374.00,1,8,'2021-09-12 06:08:56','2021-09-12 06:08:56'),(442,94,17,564374.00,1,11,'2021-09-12 06:08:56','2021-09-12 06:08:56'),(443,94,19,4010419.00,5,11,'2021-09-12 06:08:56','2021-09-12 06:08:56'),(444,94,10,5608170.00,3,16,'2021-09-12 06:08:56','2021-09-12 06:08:56'),(445,95,13,7175679.00,3,8,'2021-09-12 06:08:56','2021-09-12 06:08:56'),(446,95,4,4660754.00,2,17,'2021-09-12 06:08:56','2021-09-12 06:08:56'),(447,95,7,20314.00,1,9,'2021-09-12 06:08:56','2021-09-12 06:08:56'),(448,95,6,4549771.00,4,2,'2021-09-12 06:08:56','2021-09-12 06:08:56'),(449,95,20,7603746.00,2,6,'2021-09-12 06:08:56','2021-09-12 06:08:56'),(450,95,17,564374.00,4,15,'2021-09-12 06:08:56','2021-09-12 06:08:56'),(451,96,6,4549771.00,5,3,'2021-09-12 06:08:56','2021-09-12 06:08:56'),(452,96,2,7813662.00,4,14,'2021-09-12 06:08:56','2021-09-12 06:08:56'),(453,96,6,4549771.00,4,0,'2021-09-12 06:08:56','2021-09-12 06:08:56'),(454,96,9,6859040.00,3,17,'2021-09-12 06:08:56','2021-09-12 06:08:56'),(455,96,6,4549771.00,2,5,'2021-09-12 06:08:56','2021-09-12 06:08:56'),(456,96,24,7428622.00,2,9,'2021-09-12 06:08:56','2021-09-12 06:08:56'),(457,97,7,20314.00,3,5,'2021-09-12 06:08:56','2021-09-12 06:08:56'),(458,97,18,4015320.00,5,0,'2021-09-12 06:08:56','2021-09-12 06:08:56'),(459,97,25,7896386.00,3,15,'2021-09-12 06:08:56','2021-09-12 06:08:56'),(460,97,14,6434150.00,3,6,'2021-09-12 06:08:56','2021-09-12 06:08:56'),(461,97,13,7175679.00,5,10,'2021-09-12 06:08:56','2021-09-12 06:08:56'),(462,97,3,565647.00,1,18,'2021-09-12 06:08:56','2021-09-12 06:08:56'),(463,98,4,4660754.00,4,10,'2021-09-12 06:08:56','2021-09-12 06:08:56'),(464,98,8,3490033.00,3,3,'2021-09-12 06:08:57','2021-09-12 06:08:57'),(465,98,22,3185564.00,5,14,'2021-09-12 06:08:57','2021-09-12 06:08:57'),(466,98,20,7603746.00,5,2,'2021-09-12 06:08:57','2021-09-12 06:08:57'),(467,98,22,3185564.00,1,2,'2021-09-12 06:08:57','2021-09-12 06:08:57'),(468,98,4,4660754.00,4,8,'2021-09-12 06:08:57','2021-09-12 06:08:57'),(469,99,19,4010419.00,3,5,'2021-09-12 06:08:57','2021-09-12 06:08:57'),(470,99,5,8498104.00,1,4,'2021-09-12 06:08:57','2021-09-12 06:08:57'),(471,99,15,1613594.00,1,4,'2021-09-12 06:08:57','2021-09-12 06:08:57'),(472,99,24,7428622.00,4,20,'2021-09-12 06:08:57','2021-09-12 06:08:57'),(473,99,14,6434150.00,2,2,'2021-09-12 06:08:57','2021-09-12 06:08:57'),(474,99,1,8813006.00,1,8,'2021-09-12 06:08:57','2021-09-12 06:08:57'),(475,100,9,6859040.00,1,20,'2021-09-12 06:08:57','2021-09-12 06:08:57'),(476,100,19,4010419.00,4,8,'2021-09-12 06:08:57','2021-09-12 06:08:57'),(477,100,12,4652129.00,3,2,'2021-09-12 06:08:57','2021-09-12 06:08:57'),(478,100,19,4010419.00,1,20,'2021-09-12 06:08:57','2021-09-12 06:08:57'),(479,100,22,3185564.00,4,0,'2021-09-12 06:08:57','2021-09-12 06:08:57'),(480,100,13,7175679.00,2,3,'2021-09-12 06:08:57','2021-09-12 06:08:57'),(481,101,11,370327.00,1,15,'2021-09-12 06:09:05','2021-09-12 06:09:05'),(482,101,12,4652129.00,4,7,'2021-09-12 06:09:05','2021-09-12 06:09:05'),(483,101,26,6577529.00,1,15,'2021-09-12 06:09:05','2021-09-12 06:09:05'),(484,101,25,7896386.00,3,7,'2021-09-12 06:09:05','2021-09-12 06:09:05'),(485,102,13,7175679.00,3,12,'2021-09-12 06:09:05','2021-09-12 06:09:05'),(486,102,28,8247192.00,4,16,'2021-09-12 06:09:05','2021-09-12 06:09:05'),(487,102,7,20314.00,1,4,'2021-09-12 06:09:05','2021-09-12 06:09:05'),(488,102,13,7175679.00,4,20,'2021-09-12 06:09:05','2021-09-12 06:09:05'),(489,103,22,3185564.00,1,16,'2021-09-12 06:09:05','2021-09-12 06:09:05'),(490,103,26,6577529.00,5,20,'2021-09-12 06:09:05','2021-09-12 06:09:05'),(491,103,16,179285.00,1,19,'2021-09-12 06:09:05','2021-09-12 06:09:05'),(492,103,18,4015320.00,2,11,'2021-09-12 06:09:05','2021-09-12 06:09:05'),(493,104,23,2205040.00,1,12,'2021-09-12 06:09:05','2021-09-12 06:09:05'),(494,104,7,20314.00,1,4,'2021-09-12 06:09:05','2021-09-12 06:09:05'),(495,104,11,370327.00,4,15,'2021-09-12 06:09:05','2021-09-12 06:09:05'),(496,104,26,6577529.00,1,19,'2021-09-12 06:09:05','2021-09-12 06:09:05'),(497,105,7,20314.00,3,2,'2021-09-12 06:09:05','2021-09-12 06:09:05'),(498,105,11,370327.00,3,9,'2021-09-12 06:09:05','2021-09-12 06:09:05'),(499,105,24,7428622.00,2,14,'2021-09-12 06:09:05','2021-09-12 06:09:05'),(500,105,28,8247192.00,1,7,'2021-09-12 06:09:05','2021-09-12 06:09:05'),(501,106,11,370327.00,2,18,'2021-09-12 06:09:05','2021-09-12 06:09:05'),(502,106,10,5608170.00,3,13,'2021-09-12 06:09:05','2021-09-12 06:09:05'),(503,106,29,744254.00,4,1,'2021-09-12 06:09:05','2021-09-12 06:09:05'),(504,106,2,7813662.00,4,19,'2021-09-12 06:09:05','2021-09-12 06:09:05'),(505,107,12,4652129.00,2,10,'2021-09-12 06:09:05','2021-09-12 06:09:05'),(506,107,7,20314.00,2,19,'2021-09-12 06:09:05','2021-09-12 06:09:05'),(507,107,5,8498104.00,1,20,'2021-09-12 06:09:05','2021-09-12 06:09:05'),(508,107,22,3185564.00,5,4,'2021-09-12 06:09:05','2021-09-12 06:09:05'),(509,108,17,564374.00,3,11,'2021-09-12 06:09:05','2021-09-12 06:09:05'),(510,108,23,2205040.00,3,16,'2021-09-12 06:09:05','2021-09-12 06:09:05'),(511,108,11,370327.00,2,11,'2021-09-12 06:09:05','2021-09-12 06:09:05'),(512,108,27,7600926.00,5,13,'2021-09-12 06:09:05','2021-09-12 06:09:05'),(513,109,22,3185564.00,5,3,'2021-09-12 06:09:05','2021-09-12 06:09:05'),(514,109,30,7138998.00,2,12,'2021-09-12 06:09:05','2021-09-12 06:09:05'),(515,109,28,8247192.00,5,6,'2021-09-12 06:09:05','2021-09-12 06:09:05'),(516,109,1,8813006.00,4,6,'2021-09-12 06:09:05','2021-09-12 06:09:05'),(517,110,5,8498104.00,4,15,'2021-09-12 06:09:05','2021-09-12 06:09:05'),(518,110,28,8247192.00,1,9,'2021-09-12 06:09:05','2021-09-12 06:09:05'),(519,110,9,6859040.00,2,13,'2021-09-12 06:09:05','2021-09-12 06:09:05'),(520,110,24,7428622.00,2,12,'2021-09-12 06:09:05','2021-09-12 06:09:05'),(521,111,4,4660754.00,4,19,'2021-09-12 06:09:05','2021-09-12 06:09:05'),(522,111,6,4549771.00,2,3,'2021-09-12 06:09:05','2021-09-12 06:09:05'),(523,111,14,6434150.00,3,3,'2021-09-12 06:09:05','2021-09-12 06:09:05'),(524,111,1,8813006.00,4,11,'2021-09-12 06:09:05','2021-09-12 06:09:05'),(525,112,17,564374.00,3,2,'2021-09-12 06:09:05','2021-09-12 06:09:05'),(526,112,22,3185564.00,1,4,'2021-09-12 06:09:05','2021-09-12 06:09:05'),(527,112,7,20314.00,5,7,'2021-09-12 06:09:05','2021-09-12 06:09:05'),(528,112,28,8247192.00,2,12,'2021-09-12 06:09:05','2021-09-12 06:09:05'),(529,113,1,8813006.00,5,10,'2021-09-12 06:09:05','2021-09-12 06:09:05'),(530,113,15,1613594.00,1,15,'2021-09-12 06:09:05','2021-09-12 06:09:05'),(531,113,27,7600926.00,3,6,'2021-09-12 06:09:05','2021-09-12 06:09:05'),(532,113,21,1045645.00,1,15,'2021-09-12 06:09:05','2021-09-12 06:09:05'),(533,114,2,7813662.00,2,1,'2021-09-12 06:09:05','2021-09-12 06:09:05'),(534,114,5,8498104.00,3,2,'2021-09-12 06:09:05','2021-09-12 06:09:05'),(535,114,11,370327.00,1,6,'2021-09-12 06:09:05','2021-09-12 06:09:05'),(536,114,6,4549771.00,5,12,'2021-09-12 06:09:06','2021-09-12 06:09:06'),(537,115,21,1045645.00,2,19,'2021-09-12 06:09:06','2021-09-12 06:09:06'),(538,115,14,6434150.00,1,10,'2021-09-12 06:09:06','2021-09-12 06:09:06'),(539,115,30,7138998.00,5,19,'2021-09-12 06:09:06','2021-09-12 06:09:06'),(540,115,3,565647.00,3,1,'2021-09-12 06:09:06','2021-09-12 06:09:06'),(541,116,30,7138998.00,2,0,'2021-09-12 06:09:06','2021-09-12 06:09:06'),(542,116,8,3490033.00,3,14,'2021-09-12 06:09:06','2021-09-12 06:09:06'),(543,116,13,7175679.00,2,13,'2021-09-12 06:09:06','2021-09-12 06:09:06'),(544,116,3,565647.00,2,11,'2021-09-12 06:09:06','2021-09-12 06:09:06'),(545,117,8,3490033.00,2,17,'2021-09-12 06:09:06','2021-09-12 06:09:06'),(546,117,6,4549771.00,3,5,'2021-09-12 06:09:06','2021-09-12 06:09:06'),(547,117,28,8247192.00,1,1,'2021-09-12 06:09:06','2021-09-12 06:09:06'),(548,117,2,7813662.00,5,6,'2021-09-12 06:09:06','2021-09-12 06:09:06'),(549,118,27,7600926.00,5,1,'2021-09-12 06:09:06','2021-09-12 06:09:06'),(550,118,21,1045645.00,3,13,'2021-09-12 06:09:06','2021-09-12 06:09:06'),(551,118,18,4015320.00,5,2,'2021-09-12 06:09:06','2021-09-12 06:09:06'),(552,118,29,744254.00,3,18,'2021-09-12 06:09:06','2021-09-12 06:09:06'),(553,119,2,7813662.00,5,6,'2021-09-12 06:09:06','2021-09-12 06:09:06'),(554,119,28,8247192.00,1,11,'2021-09-12 06:09:06','2021-09-12 06:09:06'),(555,119,5,8498104.00,3,11,'2021-09-12 06:09:06','2021-09-12 06:09:06'),(556,119,6,4549771.00,2,17,'2021-09-12 06:09:06','2021-09-12 06:09:06'),(557,120,7,20314.00,3,20,'2021-09-12 06:09:06','2021-09-12 06:09:06'),(558,120,1,8813006.00,2,2,'2021-09-12 06:09:06','2021-09-12 06:09:06'),(559,120,10,5608170.00,3,2,'2021-09-12 06:09:06','2021-09-12 06:09:06'),(560,120,3,565647.00,4,17,'2021-09-12 06:09:06','2021-09-12 06:09:06');
/*!40000 ALTER TABLE `order_details` ENABLE KEYS */;
UNLOCK TABLES;

--
-- Table structure for table `orders`
--

DROP TABLE IF EXISTS `orders`;
/*!40101 SET @saved_cs_client     = @@character_set_client */;
/*!50503 SET character_set_client = utf8mb4 */;
CREATE TABLE `orders` (
  `id` bigint unsigned NOT NULL AUTO_INCREMENT,
  `user_id` int NOT NULL,
  `status` enum('init','purchase','shipping','deliver','complete') NOT NULL,
  `address_id` int NOT NULL,
  `created_at` timestamp NULL DEFAULT NULL,
  `updated_at` timestamp NULL DEFAULT NULL,
  PRIMARY KEY (`id`)
) ENGINE=InnoDB AUTO_INCREMENT=121 DEFAULT CHARSET=utf8mb3;
/*!40101 SET character_set_client = @saved_cs_client */;

--
-- Dumping data for table `orders`
--

LOCK TABLES `orders` WRITE;
/*!40000 ALTER TABLE `orders` DISABLE KEYS */;
INSERT INTO `orders` VALUES (1,7,'purchase',2,'2021-09-12 06:08:20','2021-09-12 06:08:20'),(2,10,'shipping',5,'2021-09-12 06:08:20','2021-09-12 06:08:20'),(3,6,'purchase',1,'2021-09-12 06:08:20','2021-09-12 06:08:20'),(4,10,'deliver',5,'2021-09-12 06:08:20','2021-09-12 06:08:20'),(5,7,'init',2,'2021-09-12 06:08:20','2021-09-12 06:08:20'),(6,8,'init',3,'2021-09-12 06:08:20','2021-09-12 06:08:20'),(7,7,'shipping',2,'2021-09-12 06:08:20','2021-09-12 06:08:20'),(8,10,'purchase',5,'2021-09-12 06:08:20','2021-09-12 06:08:20'),(9,10,'init',5,'2021-09-12 06:08:20','2021-09-12 06:08:20'),(10,8,'deliver',3,'2021-09-12 06:08:20','2021-09-12 06:08:20'),(11,9,'deliver',4,'2021-09-12 06:08:20','2021-09-12 06:08:20'),(12,6,'shipping',1,'2021-09-12 06:08:20','2021-09-12 06:08:20'),(13,8,'shipping',3,'2021-09-12 06:08:21','2021-09-12 06:08:21'),(14,8,'deliver',3,'2021-09-12 06:08:21','2021-09-12 06:08:21'),(15,8,'purchase',3,'2021-09-12 06:08:21','2021-09-12 06:08:21'),(16,6,'deliver',1,'2021-09-12 06:08:21','2021-09-12 06:08:21'),(17,9,'deliver',4,'2021-09-12 06:08:21','2021-09-12 06:08:21'),(18,8,'init',3,'2021-09-12 06:08:21','2021-09-12 06:08:21'),(19,9,'deliver',4,'2021-09-12 06:08:21','2021-09-12 06:08:21'),(20,7,'deliver',2,'2021-09-12 06:08:21','2021-09-12 06:08:21'),(21,7,'deliver',2,'2021-09-12 06:08:27','2021-09-12 06:08:27'),(22,8,'shipping',3,'2021-09-12 06:08:27','2021-09-12 06:08:27'),(23,19,'init',9,'2021-09-12 06:08:27','2021-09-12 06:08:27'),(24,20,'deliver',10,'2021-09-12 06:08:27','2021-09-12 06:08:27'),(25,6,'deliver',1,'2021-09-12 06:08:27','2021-09-12 06:08:27'),(26,18,'shipping',8,'2021-09-12 06:08:28','2021-09-12 06:08:28'),(27,20,'init',10,'2021-09-12 06:08:28','2021-09-12 06:08:28'),(28,20,'purchase',10,'2021-09-12 06:08:28','2021-09-12 06:08:28'),(29,19,'purchase',9,'2021-09-12 06:08:28','2021-09-12 06:08:28'),(30,17,'shipping',7,'2021-09-12 06:08:28','2021-09-12 06:08:28'),(31,10,'init',5,'2021-09-12 06:08:28','2021-09-12 06:08:28'),(32,17,'init',7,'2021-09-12 06:08:28','2021-09-12 06:08:28'),(33,20,'deliver',10,'2021-09-12 06:08:28','2021-09-12 06:08:28'),(34,19,'deliver',9,'2021-09-12 06:08:28','2021-09-12 06:08:28'),(35,20,'purchase',10,'2021-09-12 06:08:28','2021-09-12 06:08:28'),(36,16,'deliver',6,'2021-09-12 06:08:28','2021-09-12 06:08:28'),(37,17,'init',7,'2021-09-12 06:08:28','2021-09-12 06:08:28'),(38,6,'shipping',1,'2021-09-12 06:08:28','2021-09-12 06:08:28'),(39,19,'init',9,'2021-09-12 06:08:28','2021-09-12 06:08:28'),(40,18,'deliver',8,'2021-09-12 06:08:28','2021-09-12 06:08:28'),(41,26,'shipping',11,'2021-09-12 06:08:39','2021-09-12 06:08:39'),(42,6,'purchase',1,'2021-09-12 06:08:39','2021-09-12 06:08:39'),(43,27,'purchase',12,'2021-09-12 06:08:39','2021-09-12 06:08:39'),(44,20,'deliver',10,'2021-09-12 06:08:39','2021-09-12 06:08:39'),(45,16,'deliver',6,'2021-09-12 06:08:39','2021-09-12 06:08:39'),(46,8,'deliver',3,'2021-09-12 06:08:39','2021-09-12 06:08:39'),(47,26,'deliver',11,'2021-09-12 06:08:40','2021-09-12 06:08:40'),(48,29,'purchase',14,'2021-09-12 06:08:40','2021-09-12 06:08:40'),(49,28,'shipping',13,'2021-09-12 06:08:40','2021-09-12 06:08:40'),(50,20,'deliver',10,'2021-09-12 06:08:40','2021-09-12 06:08:40'),(51,28,'deliver',13,'2021-09-12 06:08:40','2021-09-12 06:08:40'),(52,28,'deliver',13,'2021-09-12 06:08:40','2021-09-12 06:08:40'),(53,20,'purchase',10,'2021-09-12 06:08:40','2021-09-12 06:08:40'),(54,17,'init',7,'2021-09-12 06:08:40','2021-09-12 06:08:40'),(55,27,'purchase',12,'2021-09-12 06:08:40','2021-09-12 06:08:40'),(56,19,'purchase',9,'2021-09-12 06:08:40','2021-09-12 06:08:40'),(57,9,'init',4,'2021-09-12 06:08:40','2021-09-12 06:08:40'),(58,9,'init',4,'2021-09-12 06:08:40','2021-09-12 06:08:40'),(59,27,'deliver',12,'2021-09-12 06:08:40','2021-09-12 06:08:40'),(60,16,'shipping',6,'2021-09-12 06:08:40','2021-09-12 06:08:40'),(61,19,'shipping',9,'2021-09-12 06:08:45','2021-09-12 06:08:45'),(62,28,'purchase',13,'2021-09-12 06:08:45','2021-09-12 06:08:45'),(63,6,'init',1,'2021-09-12 06:08:45','2021-09-12 06:08:45'),(64,39,'deliver',19,'2021-09-12 06:08:45','2021-09-12 06:08:45'),(65,9,'purchase',4,'2021-09-12 06:08:45','2021-09-12 06:08:45'),(66,28,'deliver',13,'2021-09-12 06:08:45','2021-09-12 06:08:45'),(67,8,'shipping',3,'2021-09-12 06:08:46','2021-09-12 06:08:46'),(68,40,'init',20,'2021-09-12 06:08:46','2021-09-12 06:08:46'),(69,20,'deliver',10,'2021-09-12 06:08:46','2021-09-12 06:08:46'),(70,8,'init',3,'2021-09-12 06:08:46','2021-09-12 06:08:46'),(71,18,'deliver',8,'2021-09-12 06:08:46','2021-09-12 06:08:46'),(72,6,'purchase',1,'2021-09-12 06:08:46','2021-09-12 06:08:46'),(73,8,'shipping',3,'2021-09-12 06:08:47','2021-09-12 06:08:47'),(74,9,'purchase',4,'2021-09-12 06:08:47','2021-09-12 06:08:47'),(75,30,'purchase',15,'2021-09-12 06:08:47','2021-09-12 06:08:47'),(76,39,'purchase',19,'2021-09-12 06:08:47','2021-09-12 06:08:47'),(77,29,'shipping',14,'2021-09-12 06:08:47','2021-09-12 06:08:47'),(78,8,'deliver',3,'2021-09-12 06:08:47','2021-09-12 06:08:47'),(79,40,'deliver',20,'2021-09-12 06:08:47','2021-09-12 06:08:47'),(80,16,'purchase',6,'2021-09-12 06:08:48','2021-09-12 06:08:48'),(81,8,'init',3,'2021-09-12 06:08:55','2021-09-12 06:08:55'),(82,27,'deliver',12,'2021-09-12 06:08:55','2021-09-12 06:08:55'),(83,27,'shipping',12,'2021-09-12 06:08:55','2021-09-12 06:08:55'),(84,6,'deliver',1,'2021-09-12 06:08:55','2021-09-12 06:08:55'),(85,19,'deliver',9,'2021-09-12 06:08:55','2021-09-12 06:08:55'),(86,28,'shipping',13,'2021-09-12 06:08:55','2021-09-12 06:08:55'),(87,27,'shipping',12,'2021-09-12 06:08:55','2021-09-12 06:08:55'),(88,39,'deliver',19,'2021-09-12 06:08:55','2021-09-12 06:08:55'),(89,7,'init',2,'2021-09-12 06:08:56','2021-09-12 06:08:56'),(90,17,'init',7,'2021-09-12 06:08:56','2021-09-12 06:08:56'),(91,30,'purchase',15,'2021-09-12 06:08:56','2021-09-12 06:08:56'),(92,20,'init',10,'2021-09-12 06:08:56','2021-09-12 06:08:56'),(93,20,'purchase',10,'2021-09-12 06:08:56','2021-09-12 06:08:56'),(94,50,'init',25,'2021-09-12 06:08:56','2021-09-12 06:08:56'),(95,47,'purchase',22,'2021-09-12 06:08:56','2021-09-12 06:08:56'),(96,48,'shipping',23,'2021-09-12 06:08:56','2021-09-12 06:08:56'),(97,39,'purchase',19,'2021-09-12 06:08:56','2021-09-12 06:08:56'),(98,7,'purchase',2,'2021-09-12 06:08:56','2021-09-12 06:08:56'),(99,6,'purchase',1,'2021-09-12 06:08:57','2021-09-12 06:08:57'),(100,17,'init',7,'2021-09-12 06:08:57','2021-09-12 06:08:57'),(101,19,'shipping',9,'2021-09-12 06:09:05','2021-09-12 06:09:05'),(102,50,'shipping',25,'2021-09-12 06:09:05','2021-09-12 06:09:05'),(103,58,'deliver',28,'2021-09-12 06:09:05','2021-09-12 06:09:05'),(104,47,'deliver',22,'2021-09-12 06:09:05','2021-09-12 06:09:05'),(105,6,'shipping',1,'2021-09-12 06:09:05','2021-09-12 06:09:05'),(106,28,'shipping',13,'2021-09-12 06:09:05','2021-09-12 06:09:05'),(107,50,'init',25,'2021-09-12 06:09:05','2021-09-12 06:09:05'),(108,9,'deliver',4,'2021-09-12 06:09:05','2021-09-12 06:09:05'),(109,26,'init',11,'2021-09-12 06:09:05','2021-09-12 06:09:05'),(110,18,'shipping',8,'2021-09-12 06:09:05','2021-09-12 06:09:05'),(111,29,'deliver',14,'2021-09-12 06:09:05','2021-09-12 06:09:05'),(112,39,'shipping',19,'2021-09-12 06:09:05','2021-09-12 06:09:05'),(113,58,'deliver',28,'2021-09-12 06:09:05','2021-09-12 06:09:05'),(114,37,'purchase',17,'2021-09-12 06:09:05','2021-09-12 06:09:05'),(115,9,'shipping',4,'2021-09-12 06:09:06','2021-09-12 06:09:06'),(116,20,'init',10,'2021-09-12 06:09:06','2021-09-12 06:09:06'),(117,17,'purchase',7,'2021-09-12 06:09:06','2021-09-12 06:09:06'),(118,27,'purchase',12,'2021-09-12 06:09:06','2021-09-12 06:09:06'),(119,6,'init',1,'2021-09-12 06:09:06','2021-09-12 06:09:06'),(120,58,'purchase',28,'2021-09-12 06:09:06','2021-09-12 06:09:06');
/*!40000 ALTER TABLE `orders` ENABLE KEYS */;
UNLOCK TABLES;

--
-- Table structure for table `payments`
--

DROP TABLE IF EXISTS `payments`;
/*!40101 SET @saved_cs_client     = @@character_set_client */;
/*!50503 SET character_set_client = utf8mb4 */;
CREATE TABLE `payments` (
  `id` bigint unsigned NOT NULL AUTO_INCREMENT,
  `pay_type` varchar(255) NOT NULL,
  `pay_id` bigint unsigned NOT NULL,
  `price` double(15,2) NOT NULL,
  `bank_code` varchar(255) DEFAULT NULL,
  `status` enum('init','done','fail') NOT NULL,
  `created_at` timestamp NULL DEFAULT NULL,
  `updated_at` timestamp NULL DEFAULT NULL,
  PRIMARY KEY (`id`),
  KEY `payments_pay_type_pay_id_index` (`pay_type`,`pay_id`)
) ENGINE=InnoDB AUTO_INCREMENT=61 DEFAULT CHARSET=utf8mb3;
/*!40101 SET character_set_client = @saved_cs_client */;

--
-- Dumping data for table `payments`
--

LOCK TABLES `payments` WRITE;
/*!40000 ALTER TABLE `payments` DISABLE KEYS */;
INSERT INTO `payments` VALUES (1,'App\\Models\\User',5,54082.00,NULL,'init','2021-09-12 06:08:21','2021-09-12 06:08:21'),(2,'App\\Models\\User',1,59302.00,NULL,'done','2021-09-12 06:08:21','2021-09-12 06:08:21'),(3,'App\\Models\\User',3,10443.00,NULL,'fail','2021-09-12 06:08:21','2021-09-12 06:08:21'),(4,'App\\Models\\User',2,41341.00,NULL,'init','2021-09-12 06:08:21','2021-09-12 06:08:21'),(5,'App\\Models\\User',9,56313.00,NULL,'init','2021-09-12 06:08:21','2021-09-12 06:08:21'),(6,'App\\Models\\Order',3,113298027.50,NULL,'fail','2021-09-12 06:08:21','2021-09-12 06:08:21'),(7,'App\\Models\\User',8,31155.00,NULL,'init','2021-09-12 06:08:21','2021-09-12 06:08:21'),(8,'App\\Models\\Order',8,133635268.64,NULL,'done','2021-09-12 06:08:21','2021-09-12 06:08:21'),(9,'App\\Models\\User',7,49813.00,NULL,'done','2021-09-12 06:08:21','2021-09-12 06:08:21'),(10,'App\\Models\\User',6,14026.00,NULL,'done','2021-09-12 06:08:21','2021-09-12 06:08:21'),(11,'App\\Models\\Order',12,23910530.55,NULL,'done','2021-09-12 06:08:28','2021-09-12 06:08:28'),(12,'App\\Models\\User',5,4899.00,NULL,'init','2021-09-12 06:08:28','2021-09-12 06:08:28'),(13,'App\\Models\\User',20,55922.00,NULL,'fail','2021-09-12 06:08:28','2021-09-12 06:08:28'),(14,'App\\Models\\Order',36,47951026.40,NULL,'done','2021-09-12 06:08:28','2021-09-12 06:08:28'),(15,'App\\Models\\Order',40,24559520.56,NULL,'done','2021-09-12 06:08:28','2021-09-12 06:08:28'),(16,'App\\Models\\Order',22,22655118.32,NULL,'done','2021-09-12 06:08:28','2021-09-12 06:08:28'),(17,'App\\Models\\User',6,45310.00,NULL,'init','2021-09-12 06:08:28','2021-09-12 06:08:28'),(18,'App\\Models\\Order',19,97666047.64,NULL,'done','2021-09-12 06:08:28','2021-09-12 06:08:28'),(19,'App\\Models\\Order',20,95190944.05,NULL,'done','2021-09-12 06:08:28','2021-09-12 06:08:28'),(20,'App\\Models\\User',3,15744.00,NULL,'fail','2021-09-12 06:08:28','2021-09-12 06:08:28'),(21,'App\\Models\\User',29,29030.00,NULL,'done','2021-09-12 06:08:40','2021-09-12 06:08:40'),(22,'App\\Models\\User',4,36996.00,NULL,'init','2021-09-12 06:08:40','2021-09-12 06:08:40'),(23,'App\\Models\\Order',50,348107.38,NULL,'done','2021-09-12 06:08:40','2021-09-12 06:08:40'),(24,'App\\Models\\User',28,3067.00,NULL,'init','2021-09-12 06:08:40','2021-09-12 06:08:40'),(25,'App\\Models\\User',11,45432.00,NULL,'fail','2021-09-12 06:08:40','2021-09-12 06:08:40'),(26,'App\\Models\\User',29,2154.00,NULL,'done','2021-09-12 06:08:40','2021-09-12 06:08:40'),(27,'App\\Models\\User',13,6622.00,NULL,'fail','2021-09-12 06:08:40','2021-09-12 06:08:40'),(28,'App\\Models\\Order',35,21791696.28,NULL,'init','2021-09-12 06:08:40','2021-09-12 06:08:40'),(29,'App\\Models\\Order',10,42601537.05,NULL,'done','2021-09-12 06:08:40','2021-09-12 06:08:40'),(30,'App\\Models\\Order',35,21791696.28,NULL,'init','2021-09-12 06:08:40','2021-09-12 06:08:40'),(31,'App\\Models\\User',23,10388.00,NULL,'fail','2021-09-12 06:08:48','2021-09-12 06:08:48'),(32,'App\\Models\\User',35,33771.00,NULL,'fail','2021-09-12 06:08:48','2021-09-12 06:08:48'),(33,'App\\Models\\User',3,27512.00,NULL,'fail','2021-09-12 06:08:48','2021-09-12 06:08:48'),(34,'App\\Models\\User',24,54087.00,NULL,'done','2021-09-12 06:08:48','2021-09-12 06:08:48'),(35,'App\\Models\\Order',77,130676403.29,NULL,'done','2021-09-12 06:08:48','2021-09-12 06:08:48'),(36,'App\\Models\\User',18,50735.00,NULL,'done','2021-09-12 06:08:48','2021-09-12 06:08:48'),(37,'App\\Models\\User',27,38387.00,NULL,'done','2021-09-12 06:08:48','2021-09-12 06:08:48'),(38,'App\\Models\\User',12,14128.00,NULL,'fail','2021-09-12 06:08:48','2021-09-12 06:08:48'),(39,'App\\Models\\User',9,21184.00,NULL,'done','2021-09-12 06:08:48','2021-09-12 06:08:48'),(40,'App\\Models\\Order',48,16778714.40,NULL,'done','2021-09-12 06:08:48','2021-09-12 06:08:48'),(41,'App\\Models\\Order',38,36416828.67,NULL,'done','2021-09-12 06:08:57','2021-09-12 06:08:57'),(42,'App\\Models\\User',33,1777.00,NULL,'init','2021-09-12 06:08:57','2021-09-12 06:08:57'),(43,'App\\Models\\Order',33,34528395.51,NULL,'done','2021-09-12 06:08:57','2021-09-12 06:08:57'),(44,'App\\Models\\Order',96,106388137.17,NULL,'done','2021-09-12 06:08:57','2021-09-12 06:08:57'),(45,'App\\Models\\Order',38,36416828.67,NULL,'done','2021-09-12 06:08:57','2021-09-12 06:08:57'),(46,'App\\Models\\User',6,28406.00,NULL,'fail','2021-09-12 06:08:57','2021-09-12 06:08:57'),(47,'App\\Models\\User',19,21837.00,NULL,'done','2021-09-12 06:08:57','2021-09-12 06:08:57'),(48,'App\\Models\\User',9,38325.00,NULL,'init','2021-09-12 06:08:57','2021-09-12 06:08:57'),(49,'App\\Models\\Order',1,82670119.94,NULL,'done','2021-09-12 06:08:57','2021-09-12 06:08:57'),(50,'App\\Models\\Order',25,16576290.50,NULL,'done','2021-09-12 06:08:57','2021-09-12 06:08:57'),(51,'App\\Models\\Order',86,95322985.48,NULL,'done','2021-09-12 06:09:06','2021-09-12 06:09:06'),(52,'App\\Models\\Order',47,1333177.20,NULL,'done','2021-09-12 06:09:06','2021-09-12 06:09:06'),(53,'App\\Models\\Order',50,348107.38,NULL,'done','2021-09-12 06:09:06','2021-09-12 06:09:06'),(54,'App\\Models\\Order',65,116530598.12,NULL,'done','2021-09-12 06:09:06','2021-09-12 06:09:06'),(55,'App\\Models\\Order',66,113358677.94,NULL,'done','2021-09-12 06:09:06','2021-09-12 06:09:06'),(56,'App\\Models\\User',43,57036.00,NULL,'init','2021-09-12 06:09:06','2021-09-12 06:09:06'),(57,'App\\Models\\User',16,16978.00,NULL,'init','2021-09-12 06:09:06','2021-09-12 06:09:06'),(58,'App\\Models\\Order',7,87740844.18,NULL,'done','2021-09-12 06:09:06','2021-09-12 06:09:06'),(59,'App\\Models\\User',31,25866.00,NULL,'done','2021-09-12 06:09:06','2021-09-12 06:09:06'),(60,'App\\Models\\Order',79,51955083.62,NULL,'done','2021-09-12 06:09:06','2021-09-12 06:09:06');
/*!40000 ALTER TABLE `payments` ENABLE KEYS */;
UNLOCK TABLES;

--
-- Table structure for table `personal_access_tokens`
--

DROP TABLE IF EXISTS `personal_access_tokens`;
/*!40101 SET @saved_cs_client     = @@character_set_client */;
/*!50503 SET character_set_client = utf8mb4 */;
CREATE TABLE `personal_access_tokens` (
  `id` bigint unsigned NOT NULL AUTO_INCREMENT,
  `tokenable_type` varchar(255) NOT NULL,
  `tokenable_id` bigint unsigned NOT NULL,
  `name` varchar(255) NOT NULL,
  `token` varchar(64) NOT NULL,
  `abilities` text,
  `last_used_at` timestamp NULL DEFAULT NULL,
  `created_at` timestamp NULL DEFAULT NULL,
  `updated_at` timestamp NULL DEFAULT NULL,
  PRIMARY KEY (`id`),
  UNIQUE KEY `personal_access_tokens_token_unique` (`token`),
  KEY `personal_access_tokens_tokenable_type_tokenable_id_index` (`tokenable_type`,`tokenable_id`)
) ENGINE=InnoDB DEFAULT CHARSET=utf8mb3;
/*!40101 SET character_set_client = @saved_cs_client */;

--
-- Dumping data for table `personal_access_tokens`
--

LOCK TABLES `personal_access_tokens` WRITE;
/*!40000 ALTER TABLE `personal_access_tokens` DISABLE KEYS */;
/*!40000 ALTER TABLE `personal_access_tokens` ENABLE KEYS */;
UNLOCK TABLES;

--
-- Table structure for table `products`
--

DROP TABLE IF EXISTS `products`;
/*!40101 SET @saved_cs_client     = @@character_set_client */;
/*!50503 SET character_set_client = utf8mb4 */;
CREATE TABLE `products` (
  `id` bigint unsigned NOT NULL AUTO_INCREMENT,
  `category_id` int NOT NULL,
  `title` varchar(255) DEFAULT NULL,
  `price` double(10,2) NOT NULL,
  `created_at` timestamp NULL DEFAULT NULL,
  `updated_at` timestamp NULL DEFAULT NULL,
  PRIMARY KEY (`id`)
) ENGINE=InnoDB AUTO_INCREMENT=31 DEFAULT CHARSET=utf8mb3;
/*!40101 SET character_set_client = @saved_cs_client */;

--
-- Dumping data for table `products`
--

LOCK TABLES `products` WRITE;
/*!40000 ALTER TABLE `products` DISABLE KEYS */;
INSERT INTO `products` VALUES (1,6,'Nikki Fadel',8813006.00,'2021-09-12 06:08:19','2021-09-12 06:08:19'),(2,7,'Dr. Lindsey Fadel DVM',7813662.00,'2021-09-12 06:08:19','2021-09-12 06:08:19'),(3,8,'Jabari Jacobs',565647.00,'2021-09-12 06:08:19','2021-09-12 06:08:19'),(4,9,'Dakota Kautzer',4660754.00,'2021-09-12 06:08:19','2021-09-12 06:08:19'),(5,10,'Dr. Bobby Ferry Sr.',8498104.00,'2021-09-12 06:08:19','2021-09-12 06:08:19'),(6,16,'Lurline Kerluke',4549771.00,'2021-09-12 06:08:27','2021-09-12 06:08:27'),(7,17,'Jailyn Fisher',20314.00,'2021-09-12 06:08:27','2021-09-12 06:08:27'),(8,18,'Edmund Cartwright Sr.',3490033.00,'2021-09-12 06:08:27','2021-09-12 06:08:27'),(9,19,'Lavina Labadie',6859040.00,'2021-09-12 06:08:27','2021-09-12 06:08:27'),(10,20,'Noel White',5608170.00,'2021-09-12 06:08:27','2021-09-12 06:08:27'),(11,26,'Zachariah Spinka',370327.00,'2021-09-12 06:08:39','2021-09-12 06:08:39'),(12,27,'Aniyah Feil IV',4652129.00,'2021-09-12 06:08:39','2021-09-12 06:08:39'),(13,28,'Mr. Roger Grady DDS',7175679.00,'2021-09-12 06:08:39','2021-09-12 06:08:39'),(14,29,'Amber Rolfson',6434150.00,'2021-09-12 06:08:39','2021-09-12 06:08:39'),(15,30,'Prof. Gracie Schroeder',1613594.00,'2021-09-12 06:08:39','2021-09-12 06:08:39'),(16,36,'Cordelia Huels V',179285.00,'2021-09-12 06:08:44','2021-09-12 06:08:44'),(17,37,'Clifford Lubowitz',564374.00,'2021-09-12 06:08:44','2021-09-12 06:08:44'),(18,38,'Dee Hirthe',4015320.00,'2021-09-12 06:08:45','2021-09-12 06:08:45'),(19,39,'Bernie Borer',4010419.00,'2021-09-12 06:08:45','2021-09-12 06:08:45'),(20,40,'Prof. Francis Dooley',7603746.00,'2021-09-12 06:08:45','2021-09-12 06:08:45'),(21,46,'Gay Eichmann IV',1045645.00,'2021-09-12 06:08:55','2021-09-12 06:08:55'),(22,47,'Prof. Rosemary Wiegand',3185564.00,'2021-09-12 06:08:55','2021-09-12 06:08:55'),(23,48,'Mrs. Reanna Miller',2205040.00,'2021-09-12 06:08:55','2021-09-12 06:08:55'),(24,49,'Hilton Nienow',7428622.00,'2021-09-12 06:08:55','2021-09-12 06:08:55'),(25,50,'Mrs. Holly Prohaska',7896386.00,'2021-09-12 06:08:55','2021-09-12 06:08:55'),(26,56,'Zella Mills',6577529.00,'2021-09-12 06:09:04','2021-09-12 06:09:04'),(27,57,'Brenna Kuphal',7600926.00,'2021-09-12 06:09:04','2021-09-12 06:09:04'),(28,58,'Orion Upton',8247192.00,'2021-09-12 06:09:04','2021-09-12 06:09:04'),(29,59,'Madisyn Robel',744254.00,'2021-09-12 06:09:04','2021-09-12 06:09:04'),(30,60,'Efrain Hickle',7138998.00,'2021-09-12 06:09:04','2021-09-12 06:09:04');
/*!40000 ALTER TABLE `products` ENABLE KEYS */;
UNLOCK TABLES;

--
-- Table structure for table `users`
--

DROP TABLE IF EXISTS `users`;
/*!40101 SET @saved_cs_client     = @@character_set_client */;
/*!50503 SET character_set_client = utf8mb4 */;
CREATE TABLE `users` (
  `id` bigint unsigned NOT NULL AUTO_INCREMENT,
  `name` varchar(255) NOT NULL,
  `email` varchar(255) NOT NULL,
  `email_verified_at` timestamp NULL DEFAULT NULL,
  `password` varchar(255) NOT NULL,
  `remember_token` varchar(100) DEFAULT NULL,
  `created_at` timestamp NULL DEFAULT NULL,
  `updated_at` timestamp NULL DEFAULT NULL,
  PRIMARY KEY (`id`),
  UNIQUE KEY `users_email_unique` (`email`)
) ENGINE=InnoDB AUTO_INCREMENT=61 DEFAULT CHARSET=utf8mb3;
/*!40101 SET character_set_client = @saved_cs_client */;

--
-- Dumping data for table `users`
--

LOCK TABLES `users` WRITE;
/*!40000 ALTER TABLE `users` DISABLE KEYS */;
INSERT INTO `users` VALUES (1,'Alayna Stanton Sr.','kunze.bruce@example.net','2021-09-12 06:08:18','$2y$10$3BNHHCBh9Dxd8CvADaUgu.0JKh9WOtoLaVD/sKrUZUwlaLa8i/R.S','oog3hjW769','2021-09-12 06:08:19','2021-09-12 06:08:19'),(2,'Prof. Diego Steuber','cecilia.moen@example.net','2021-09-12 06:08:18','$2y$10$u1oyOgUZrzFGrCwhOFPPX.m.CViMHqm/nhpIAjvAPld1vuoHjAg1C','Cuk9EtWhtj','2021-09-12 06:08:19','2021-09-12 06:08:19'),(3,'Gwen Brakus','madilyn.orn@example.org','2021-09-12 06:08:18','$2y$10$84s3yVTkLkuG9Q8dqXQGCeT6iYkU1nVajfJpJ1ZoPBje//WfmIzkO','2JYGD4klqY','2021-09-12 06:08:19','2021-09-12 06:08:19'),(4,'Mr. Abdullah Johnson','rempel.ruthie@example.org','2021-09-12 06:08:18','$2y$10$vSOC8PHK8TMOdPnzDPI6fexE4HWvvHgz72fEVqjckf65KMTgh//Wy','clFMwXC8CF','2021-09-12 06:08:19','2021-09-12 06:08:19'),(5,'Dr. Frankie Cronin','dejah.hackett@example.net','2021-09-12 06:08:19','$2y$10$WoZek8OJ7xO/llxNDOVRd.K9L78vwhWUuupqF91U9zZOz40hrZV7W','wEs7MRXvte','2021-09-12 06:08:19','2021-09-12 06:08:19'),(6,'Lorenz Haley DVM','lenora69@example.net','2021-09-12 06:08:19','$2y$10$CrLtfkTJuCLq6YIFsKBOBuP4ubUsJZV8bRmFxWKiOhI4H.d3p9kfS','3BItO2Us57','2021-09-12 06:08:19','2021-09-12 06:08:19'),(7,'Torrey Windler','vrolfson@example.org','2021-09-12 06:08:19','$2y$10$PbJDC0ET4/lBfjk17zlrIO7jhsp0XxiqwHgGZy/JayeTe/05IONpG','7E1WNOCEfQ','2021-09-12 06:08:19','2021-09-12 06:08:19'),(8,'Adrien Hintz','batz.winnifred@example.com','2021-09-12 06:08:19','$2y$10$HG8Ks77h3YVg1WxXCzPS2.1bvZhsf/Wj4Zu32dLDjf4Tw2yyJSPzm','oWogR7I6FC','2021-09-12 06:08:19','2021-09-12 06:08:19'),(9,'Dr. Meagan Schumm DVM','eugenia.little@example.org','2021-09-12 06:08:19','$2y$10$vI0BZ1Ak7w/FHtEqpOU6k.Pwd.Wy5SCAfOj4dP5RgZz1mDbCn2vIO','eQWMKav7iI','2021-09-12 06:08:19','2021-09-12 06:08:19'),(10,'Kenna Watsica','darian06@example.net','2021-09-12 06:08:19','$2y$10$t2Nhn1MMYqhLBT/l0xwMCeS7ou66LXXjnPne9Nvi4k1CV.iT8Zgyq','XpGjUSCOiX','2021-09-12 06:08:19','2021-09-12 06:08:19'),(11,'Sarai Batz','glenda96@example.net','2021-09-12 06:08:26','$2y$10$eDEQbxFdVHo5v6TDBLAoJemg8XlXTZj1qqMcAqK18T815omwmbieu','PRMhd5Dlp2','2021-09-12 06:08:26','2021-09-12 06:08:26'),(12,'Mr. Pete Shanahan DVM','anissa.walter@example.org','2021-09-12 06:08:26','$2y$10$6nReUqNGmuCNPEnCGJyCX.qZ5scUmly19v5p4GtIP.bdYN51eIeNq','zbFmkgLIgB','2021-09-12 06:08:26','2021-09-12 06:08:26'),(13,'Rolando Quitzon PhD','pacocha.lenna@example.com','2021-09-12 06:08:26','$2y$10$WC8xeYE3aFpazUvFEJ41XeIfpNq074D.2hTrQSyc17KeXN/z/VF62','fFceEyxTrl','2021-09-12 06:08:26','2021-09-12 06:08:26'),(14,'Modesto Keeling','fhowe@example.org','2021-09-12 06:08:26','$2y$10$heDsgnqcZB/Ca.pi.ZBuFOMHMuzVPcB6JJf5n4W3/zdlVLJWexmhC','evHpzCfDvF','2021-09-12 06:08:26','2021-09-12 06:08:26'),(15,'Rodrigo Dibbert','raymond.kling@example.com','2021-09-12 06:08:26','$2y$10$hK4/rJCQg1hScDORIOoweeIP27qMOOaZkcF3NeSWbE6hgcu.xuvyy','JxwNEN5aQK','2021-09-12 06:08:26','2021-09-12 06:08:26'),(16,'Emanuel Stehr','yebert@example.net','2021-09-12 06:08:26','$2y$10$Jo6olqIOHYoCRLMlEQ7Ew.nuhNyiHIc4w9dgcnZm56cFKD8K0ot2y','XJjjvuxe7j','2021-09-12 06:08:27','2021-09-12 06:08:27'),(17,'Lelia Sporer','desiree72@example.org','2021-09-12 06:08:27','$2y$10$bKSJZagw13NngBuKjWlQB.RjQDD/CL6PM0A/wBlo.5L0CGwI94N3a','N5sy1MiF3I','2021-09-12 06:08:27','2021-09-12 06:08:27'),(18,'Mohamed Bartell','senger.alfonso@example.org','2021-09-12 06:08:27','$2y$10$/HuJ9HCF.jvFZLEXztnPy.Cm86IkgrJ8cpNQttqyRFB215sg0YyR6','zvsjMf8sCd','2021-09-12 06:08:27','2021-09-12 06:08:27'),(19,'Colten Gutkowski','bcorwin@example.net','2021-09-12 06:08:27','$2y$10$VJifJvkqvq.HyqZsYHW5PuVKfCA05dDFCL2rOa6qNDNPJSbeGVQPi','kQh3jvxCLp','2021-09-12 06:08:27','2021-09-12 06:08:27'),(20,'Mr. Tyrel Walter','tillman.eriberto@example.com','2021-09-12 06:08:27','$2y$10$.AzwODuqb1VbI6on35NhPOOm4M2.d8OFTUgSIUGDIPXY0xCr64WrW','eVVAbVlAos','2021-09-12 06:08:27','2021-09-12 06:08:27'),(21,'Oceane Lind V','kerluke.robbie@example.net','2021-09-12 06:08:38','$2y$10$DTLXeXcHX2Dj3T7UUYQK1ehVrr.buxP3w92Rb96wQjH5oigThOtmu','5E6KOOqsVK','2021-09-12 06:08:39','2021-09-12 06:08:39'),(22,'Mustafa Jones','vdurgan@example.com','2021-09-12 06:08:38','$2y$10$9P7N7k5eqchGMsYbiACztuj1hdc6eVwfVI6nt37ijRxd/KfdjWYX2','A1VvF681lX','2021-09-12 06:08:39','2021-09-12 06:08:39'),(23,'Heather Haley','janelle43@example.net','2021-09-12 06:08:38','$2y$10$gDsNwLr.iNhiXs8t0akgjOLbh2xLrW6le7wqrNRQ0t.nfR5ITq6CC','WzqWqfBZgQ','2021-09-12 06:08:39','2021-09-12 06:08:39'),(24,'Halle Roob MD','nash.goodwin@example.net','2021-09-12 06:08:38','$2y$10$6pVJ8fVz1l2kj9VjN9FMFegpbf36dc0ueBBASL76t.5Y15ytmFn2S','mzQXnPvYxs','2021-09-12 06:08:39','2021-09-12 06:08:39'),(25,'Mr. Brycen Cremin','gaylord.kaylin@example.com','2021-09-12 06:08:38','$2y$10$AfFRU4xwjENIh8EqoDO4WOoRneUMi0KY.L/Ah63JZqwr4z8AKMNRO','DMI6w7kfl5','2021-09-12 06:08:39','2021-09-12 06:08:39'),(26,'Alexanne Kshlerin','hermann.alanna@example.org','2021-09-12 06:08:39','$2y$10$HCbbktLlMqnV0qwiqwIT5enFuTqMf9jiBmL1OCTsb8NIir1mpl6uu','Wsfmt9fXWt','2021-09-12 06:08:39','2021-09-12 06:08:39'),(27,'Mrs. Bette Huel Sr.','idurgan@example.org','2021-09-12 06:08:39','$2y$10$B8.mUPh4LneSJxHu50hiN.JF4gS/i81T6u9DP4UfcAgPX0olpDXwW','elAehD8Da5','2021-09-12 06:08:39','2021-09-12 06:08:39'),(28,'Kamron Mosciski Sr.','kwintheiser@example.org','2021-09-12 06:08:39','$2y$10$N3A7O0tnd/9dD6dZicyVc.007eJcfTU/9HYOj1SRWWRZyxXVLz3rm','J6p9ehuYuB','2021-09-12 06:08:39','2021-09-12 06:08:39'),(29,'Prof. Clair Gutmann III','marvin.charlotte@example.net','2021-09-12 06:08:39','$2y$10$K.azoiJjSUOhs9yyuaPPsewZOIwUqTuMd60rXkJpZae1NpaB2SGKC','As5Gbg1Qls','2021-09-12 06:08:39','2021-09-12 06:08:39'),(30,'Yasmine Schowalter','lind.burdette@example.org','2021-09-12 06:08:39','$2y$10$S9oJ604Qolk459fpF4BZnOlsThFsvXa1ypj/TIHithrm/uoBeP/Im','tXe09toi1E','2021-09-12 06:08:39','2021-09-12 06:08:39'),(31,'Yoshiko Harber','klocko.darlene@example.com','2021-09-12 06:08:43','$2y$10$4BWfX/Y9ZddJeUgI/BSZRuHrUtT2ZtTTzGvYQGgXILT0J/KnKA.wu','ATtjhxGxo8','2021-09-12 06:08:44','2021-09-12 06:08:44'),(32,'Annie Auer','kathlyn.stroman@example.com','2021-09-12 06:08:44','$2y$10$3kzpJbLUvjpr/flHa6fFA.OZYHXu6o7.PixJ5A0lntigmPdrlO4fm','w8wzOhO4z3','2021-09-12 06:08:44','2021-09-12 06:08:44'),(33,'Prof. Moriah Morar','eleonore.kling@example.org','2021-09-12 06:08:44','$2y$10$yWnKPGnsn0KYNw04aB9n5.bAJIv8jD/tUedF3A8ddGdraYVm4AZZS','ctDCgHjaqN','2021-09-12 06:08:44','2021-09-12 06:08:44'),(34,'Edison Ward','tabitha21@example.net','2021-09-12 06:08:44','$2y$10$Bqlwpv9OxiS6Mu12U6BGBe/Dlkv0NSBCR55W41Lrj21QbRqsfEB3i','cw89KPuSMY','2021-09-12 06:08:44','2021-09-12 06:08:44'),(35,'Haven Davis','lowell75@example.net','2021-09-12 06:08:44','$2y$10$MhzWhZBKfkPFgEdEKn4KaOC3aw8OBQ5aO4f.9Ti5IHg537NmsTdyW','JiOH4qdI5O','2021-09-12 06:08:44','2021-09-12 06:08:44'),(36,'Jacklyn Quigley','bell80@example.org','2021-09-12 06:08:44','$2y$10$9eXMZPccYyiEuCVQolEw0uCgBufNjC6/p9/Grt4eD0/AnoFSYSmQm','3g0N0T2Isx','2021-09-12 06:08:44','2021-09-12 06:08:44'),(37,'Constance Ward III','gilberto.sipes@example.com','2021-09-12 06:08:44','$2y$10$JQyxAO0LuSqFzX1Pj/s8ceE51blHJkE3U6fFx1tWNEdF.yxDkRte.','sjSVdg0DSp','2021-09-12 06:08:44','2021-09-12 06:08:44'),(38,'Mrs. Misty Barrows DDS','qanderson@example.com','2021-09-12 06:08:44','$2y$10$DRgWZ61tQT.bh4l36h1P.e1eu2fJ0lQI6lakWWyxaYvPI/wCDhP9i','nEAlomkToX','2021-09-12 06:08:44','2021-09-12 06:08:44'),(39,'Keaton Marvin','megane.pouros@example.net','2021-09-12 06:08:44','$2y$10$MqQLOcxAGLAXbkeSqiZgRucMb.XMj17Mx6Yq3kbTEZjql1Z8pwtZi','gIXSbXCym1','2021-09-12 06:08:44','2021-09-12 06:08:44'),(40,'Ms. Nina Reichel V','schaefer.vanessa@example.org','2021-09-12 06:08:44','$2y$10$U0Gkvq0DZ7xDoiA50lLkEOi51gCQNVNqhwQDsj7cSlEpYCM4O0.Li','RNgl9WF2Pr','2021-09-12 06:08:44','2021-09-12 06:08:44'),(41,'Mr. Dion Klocko','pstokes@example.org','2021-09-12 06:08:54','$2y$10$vtIPMpBiO0VgUioHbSogP.9BJyX0c6iFNjMV4ihrtjz6vZMUuL9b2','h4sbQKh50u','2021-09-12 06:08:54','2021-09-12 06:08:54'),(42,'Mr. Stone Quitzon','xrunte@example.com','2021-09-12 06:08:54','$2y$10$jzWHTtM3KqW4RWrQcHxQ6ewopGWowr2abQ537o2z.IoVtVeezQTK6','eqZAMXlbFw','2021-09-12 06:08:54','2021-09-12 06:08:54'),(43,'Margarett Legros','branson.stehr@example.org','2021-09-12 06:08:54','$2y$10$FRSAQv0GSHo.bCcmdhDim.jx2kjS4nECYCKYbpY0GzUhJhsCFJjIy','msRZLaEqnh','2021-09-12 06:08:54','2021-09-12 06:08:54'),(44,'Dr. Antoinette Crist','uhowell@example.com','2021-09-12 06:08:54','$2y$10$gHRsJYEIG05vlPIp6cEmdutB1gkXXxnjZgNF1VamSZsjjbLgv3Fmu','MK5BVlCbRk','2021-09-12 06:08:54','2021-09-12 06:08:54'),(45,'Quentin Wunsch','marvin04@example.com','2021-09-12 06:08:54','$2y$10$UMX1dM1dx0/isQ4jTez5/eVnKFLwVcBOQqEZDxyOuacuAUuaAnJt6','jhA0VkzcRk','2021-09-12 06:08:54','2021-09-12 06:08:54'),(46,'Gwendolyn Beer','qhermann@example.net','2021-09-12 06:08:54','$2y$10$A3nPI7eU4mdRIga31v.SsOyBYF9SdW1tSXPS9QYgYiOzYfNWsFkxa','DdKQsmLXNe','2021-09-12 06:08:54','2021-09-12 06:08:54'),(47,'Alexandrea Wehner','wolff.edward@example.org','2021-09-12 06:08:54','$2y$10$5l/V07IJS8nYEwIRY5Iam.MP4Hrz3vxGk1XMR/cKlyaE4oEWjQrUe','E4qJPvNyW9','2021-09-12 06:08:54','2021-09-12 06:08:54'),(48,'Idella Ernser','buckridge.elias@example.net','2021-09-12 06:08:54','$2y$10$FUyaFGAs68zebJbxZf7NzeDz94lZF1X3SoE/WhdsoXDGJECidN0WS','ZA9yHmcIgY','2021-09-12 06:08:54','2021-09-12 06:08:54'),(49,'Dr. Quinten McKenzie I','saige.champlin@example.com','2021-09-12 06:08:54','$2y$10$lVqOK8n06Dj3oOP4rESwPOF0NTEL2JVdU/FGsX5hzm4V6wpC6GmWC','6utO4U6QxA','2021-09-12 06:08:54','2021-09-12 06:08:54'),(50,'Herta Gerlach','eoberbrunner@example.org','2021-09-12 06:08:54','$2y$10$dzjj03/EhOC1IlRtXgw38OzhNqnGKOyNKBkq6EBiAILBFz8bFgupu','HbvuA9Hai4','2021-09-12 06:08:54','2021-09-12 06:08:54'),(51,'Prof. Leif Labadie','williamson.davin@example.net','2021-09-12 06:09:03','$2y$10$oL091HgahHhNjd/mbLMkLOS3XRVlEtdh55/jjwpGaMzOncAo22hRq','1mAd71geBV','2021-09-12 06:09:04','2021-09-12 06:09:04'),(52,'Maybell Bashirian PhD','dahlia09@example.org','2021-09-12 06:09:03','$2y$10$Kyd70j4P.TIWeo/HRB3vx.V1CHqv51J8rM1lhiqmFwFt9aNIMZ9my','VpbSt1poIo','2021-09-12 06:09:04','2021-09-12 06:09:04'),(53,'Leopold Tromp','natalie.okeefe@example.net','2021-09-12 06:09:03','$2y$10$A9FkD/V2nSjpnLbCbSxPn.6AzaP7B506mGVlAzYKWjBBLdDCKaqP.','5WXMszXYOZ','2021-09-12 06:09:04','2021-09-12 06:09:04'),(54,'Kali Halvorson','nskiles@example.org','2021-09-12 06:09:04','$2y$10$jP2ZDT3LJqnCgelBnp58ZuNO/C.ds5dXZZlCmnZ/fP0ipfchoKSb.','d1n54uR8ZI','2021-09-12 06:09:04','2021-09-12 06:09:04'),(55,'Onie Turner DDS','hudson.jonathan@example.net','2021-09-12 06:09:04','$2y$10$.jRe9jUnCRNxvR.mHEvpguMv4fKxbVXDrPYV8OABvhgn9iw1eHDPW','TUdz1l0QV0','2021-09-12 06:09:04','2021-09-12 06:09:04'),(56,'Emelie Smitham Jr.','shields.nola@example.net','2021-09-12 06:09:04','$2y$10$ajU3JEWuFTwJk7jEp4g9l.5ggLLOhd5B316izmFP5QPJREch0PAJ.','5U8afHiqyG','2021-09-12 06:09:04','2021-09-12 06:09:04'),(57,'Jerrod Zulauf','catalina60@example.com','2021-09-12 06:09:04','$2y$10$01RGTpdlCUjcjE2uUCOk3O8W.XBxoOQOnYxGErEwOS25FnmOxBZIS','pEpDD6ApiP','2021-09-12 06:09:04','2021-09-12 06:09:04'),(58,'Prof. Sedrick Goodwin','jamel.muller@example.org','2021-09-12 06:09:04','$2y$10$N9RdDJngzbYNL63/UTCPRe1CesFVWppSH1RhHbQ6o5Ug2MTKZfDDm','VHADYNKOP2','2021-09-12 06:09:04','2021-09-12 06:09:04'),(59,'Ignacio Cummings','tjacobi@example.com','2021-09-12 06:09:04','$2y$10$7Hd7N6mv7nXQPf1jfWJf7.EAdlP9SQTOpvankMF/AgIhEW4X4Iliq','0CGrikNaZw','2021-09-12 06:09:04','2021-09-12 06:09:04'),(60,'Lura Jones','qlehner@example.com','2021-09-12 06:09:04','$2y$10$VYcM9/BJBk3sz.oO9oMhDexyZMvYz8m/IsABQPPNrTPwwS2peVuee','hyxQTfQ1kA','2021-09-12 06:09:04','2021-09-12 06:09:04');
/*!40000 ALTER TABLE `users` ENABLE KEYS */;
UNLOCK TABLES;
/*!40103 SET TIME_ZONE=@OLD_TIME_ZONE */;

/*!40101 SET SQL_MODE=@OLD_SQL_MODE */;
/*!40014 SET FOREIGN_KEY_CHECKS=@OLD_FOREIGN_KEY_CHECKS */;
/*!40014 SET UNIQUE_CHECKS=@OLD_UNIQUE_CHECKS */;
/*!40101 SET CHARACTER_SET_CLIENT=@OLD_CHARACTER_SET_CLIENT */;
/*!40101 SET CHARACTER_SET_RESULTS=@OLD_CHARACTER_SET_RESULTS */;
/*!40101 SET COLLATION_CONNECTION=@OLD_COLLATION_CONNECTION */;
/*!40111 SET SQL_NOTES=@OLD_SQL_NOTES */;

-- Dump completed on 2021-09-14 11:45:47
